Asunto,Fecha de comienzo,Comienzo,Fecha de finalización,Finalización,Todo el dí­a,Reminder on/off,Reminder Date,Reminder Time,Meeting Organizer,Required Attendees,Optional Attendees,Recursos de la reuniÃƒÂ³n,Billing Information,Categories,Description,Location,Mileage,Priority,Private,Sensitivity,Show time as
Redes de Computadores - Teoría-a,25/10/2022,10:00:00,25/10/2022,12:00:00,FALSO,FALSO,25/10/2022,9:00:00,Universidad de Oviedo,,,,,,Clase Expositiva - Aula As-1,,,Normal,Falso,Normal,2
Redes de Computadores - Teoría-a,04/10/2022,10:00:00,04/10/2022,12:00:00,FALSO,FALSO,04/10/2022,9:00:00,Universidad de Oviedo,,,,,,Clase Expositiva - Aula As-1,,,Normal,Falso,Normal,2
Redes de Computadores - Teoría-a,03/10/2022,13:00:00,03/10/2022,14:00:00,FALSO,FALSO,03/10/2022,12:00:00,Universidad de Oviedo,,,,,,Clase Expositiva - Aula As-1,,,Normal,Falso,Normal,2
Redes de Computadores - Teoría-a,12/09/2022,13:00:00,12/09/2022,14:00:00,FALSO,FALSO,12/09/2022,12:00:00,Universidad de Oviedo,,,,,,Clase Expositiva - Aula As-1,,,Normal,Falso,Normal,2
Redes de Computadores - Teoría-a,10/10/2022,13:00:00,10/10/2022,14:00:00,FALSO,FALSO,10/10/2022,12:00:00,Universidad de Oviedo,,,,,,Clase Expositiva - Aula As-1,,,Normal,Falso,Normal,2
Redes de Computadores - Teoría-a,26/09/2022,13:00:00,26/09/2022,14:00:00,FALSO,FALSO,26/09/2022,12:00:00,Universidad de Oviedo,,,,,,Clase Expositiva - Aula As-1,,,Normal,Falso,Normal,2
Redes de Computadores - Teoría-a,27/09/2022,11:00:00,27/09/2022,12:00:00,FALSO,FALSO,27/09/2022,10:00:00,Universidad de Oviedo,,,,,,Clase Expositiva - Aula As-1,,,Normal,Falso,Normal,2
Redes de Computadores - Teoría-a,24/10/2022,13:00:00,24/10/2022,14:00:00,FALSO,FALSO,24/10/2022,12:00:00,Universidad de Oviedo,,,,,,Clase Expositiva - Aula As-1,,,Normal,Falso,Normal,2
Redes de Computadores - Teoría-a,20/09/2022,11:00:00,20/09/2022,12:00:00,FALSO,FALSO,20/09/2022,10:00:00,Universidad de Oviedo,,,,,,Clase Expositiva - Aula As-1,,,Normal,Falso,Normal,2
Redes de Computadores - Teoría-a,18/10/2022,10:00:00,18/10/2022,12:00:00,FALSO,FALSO,18/10/2022,9:00:00,Universidad de Oviedo,,,,,,Clase Expositiva - Aula As-1,,,Normal,Falso,Normal,2
Redes de Computadores - Teoría-a,29/11/2022,10:00:00,29/11/2022,12:00:00,FALSO,FALSO,29/11/2022,9:00:00,Universidad de Oviedo,,,,,,Clase Expositiva - Aula As-1,,,Normal,Falso,Normal,2
Redes de Computadores - Teoría-a,22/11/2022,10:00:00,22/11/2022,12:00:00,FALSO,FALSO,22/11/2022,9:00:00,Universidad de Oviedo,,,,,,Clase Expositiva - Aula As-1,,,Normal,Falso,Normal,2
Redes de Computadores - Teoría-a,13/09/2022,11:00:00,13/09/2022,12:00:00,FALSO,FALSO,13/09/2022,10:00:00,Universidad de Oviedo,,,,,,Clase Expositiva - Aula As-1,,,Normal,Falso,Normal,2
Redes de Computadores - Teoría-a,13/12/2022,10:00:00,13/12/2022,12:00:00,FALSO,FALSO,13/12/2022,9:00:00,Universidad de Oviedo,,,,,,Clase Expositiva - Aula As-1,,,Normal,Falso,Normal,2
Redes de Computadores - Teoría-a,08/11/2022,10:00:00,08/11/2022,12:00:00,FALSO,FALSO,08/11/2022,9:00:00,Universidad de Oviedo,,,,,,Clase Expositiva - Aula As-1,,,Normal,Falso,Normal,2
Redes de Computadores - Teoría-a,11/10/2022,10:00:00,11/10/2022,12:00:00,FALSO,FALSO,11/10/2022,9:00:00,Universidad de Oviedo,,,,,,Clase Expositiva - Aula As-1,,,Normal,Falso,Normal,2
Redes de Computadores - Teoría-a,19/09/2022,13:00:00,19/09/2022,14:00:00,FALSO,FALSO,19/09/2022,12:00:00,Universidad de Oviedo,,,,,,Clase Expositiva - Aula As-1,,,Normal,Falso,Normal,2
Redes de Computadores - Teoría-a,15/11/2022,10:00:00,15/11/2022,12:00:00,FALSO,FALSO,15/11/2022,9:00:00,Universidad de Oviedo,,,,,,Clase Expositiva - Aula As-1,,,Normal,Falso,Normal,2
Redes de Computadores - Teoría-a,17/10/2022,13:00:00,17/10/2022,14:00:00,FALSO,FALSO,17/10/2022,12:00:00,Universidad de Oviedo,,,,,,Clase Expositiva - Aula As-1,,,Normal,Falso,Normal,2
Redes de Computadores - Prácticas De Laboratorio-05,23/11/2022,09:00:00,23/11/2022,12:00:00,FALSO,FALSO,23/11/2022,8:00:00,Universidad de Oviedo,,,,,,Prácticas De Laboratorio - Aula B8,,,Normal,Falso,Normal,2
Redes de Computadores - Prácticas De Laboratorio-05,02/11/2022,09:00:00,02/11/2022,12:00:00,FALSO,FALSO,02/11/2022,8:00:00,Universidad de Oviedo,,,,,,Prácticas De Laboratorio - Aula B8,,,Normal,Falso,Normal,2
Redes de Computadores - Prácticas De Laboratorio-05,09/11/2022,09:00:00,09/11/2022,12:00:00,FALSO,FALSO,09/11/2022,8:00:00,Universidad de Oviedo,,,,,,Prácticas De Laboratorio - Aula B8,,,Normal,Falso,Normal,2
Redes de Computadores - Prácticas De Laboratorio-05,14/12/2022,09:00:00,14/12/2022,12:00:00,FALSO,FALSO,14/12/2022,8:00:00,Universidad de Oviedo,,,,,,Prácticas De Laboratorio - Aula B8,,,Normal,Falso,Normal,2
Redes de Computadores - Prácticas De Laboratorio-05,26/10/2022,09:00:00,26/10/2022,12:00:00,FALSO,FALSO,26/10/2022,8:00:00,Universidad de Oviedo,,,,,,Prácticas De Laboratorio - Aula B8,,,Normal,Falso,Normal,2
Redes de Computadores - Prácticas De Laboratorio-05,19/10/2022,09:00:00,19/10/2022,12:00:00,FALSO,FALSO,19/10/2022,8:00:00,Universidad de Oviedo,,,,,,Prácticas De Laboratorio - Aula B8,,,Normal,Falso,Normal,2
Redes de Computadores - Prácticas De Laboratorio-05,16/11/2022,09:00:00,16/11/2022,12:00:00,FALSO,FALSO,16/11/2022,8:00:00,Universidad de Oviedo,,,,,,Prácticas De Laboratorio - Aula B8,,,Normal,Falso,Normal,2
Programación Concurrente y Paralela - Prácticas De Laboratorio-05,02/12/2022,12:00:00,02/12/2022,15:00:00,FALSO,FALSO,02/12/2022,11:00:00,Universidad de Oviedo,,,,,,Prácticas De Laboratorio - Laboratorio Polivalente (1.s.29),,,Normal,Falso,Normal,2
Programación Concurrente y Paralela - Prácticas De Laboratorio-05,09/12/2022,12:00:00,09/12/2022,15:00:00,FALSO,FALSO,09/12/2022,11:00:00,Universidad de Oviedo,,,,,,Prácticas De Laboratorio - Laboratorio Polivalente (1.s.29),,,Normal,Falso,Normal,2
Programación Concurrente y Paralela - Prácticas De Laboratorio-05,28/10/2022,12:00:00,28/10/2022,15:00:00,FALSO,FALSO,28/10/2022,11:00:00,Universidad de Oviedo,,,,,,Prácticas De Laboratorio - Laboratorio Polivalente (1.s.29),,,Normal,Falso,Normal,2
Programación Concurrente y Paralela - Prácticas De Laboratorio-05,21/10/2022,12:00:00,21/10/2022,15:00:00,FALSO,FALSO,21/10/2022,11:00:00,Universidad de Oviedo,,,,,,Prácticas De Laboratorio - Laboratorio Polivalente (1.s.29),,,Normal,Falso,Normal,2
Programación Concurrente y Paralela - Prácticas De Laboratorio-05,04/11/2022,12:00:00,04/11/2022,15:00:00,FALSO,FALSO,04/11/2022,11:00:00,Universidad de Oviedo,,,,,,Prácticas De Laboratorio - Laboratorio Polivalente (1.s.29),,,Normal,Falso,Normal,2
Programación Concurrente y Paralela - Prácticas De Laboratorio-05,18/11/2022,12:00:00,18/11/2022,15:00:00,FALSO,FALSO,18/11/2022,11:00:00,Universidad de Oviedo,,,,,,Prácticas De Laboratorio - Laboratorio Polivalente (1.s.29),,,Normal,Falso,Normal,2
Programación Concurrente y Paralela - Prácticas De Laboratorio-05,07/10/2022,12:00:00,07/10/2022,15:00:00,FALSO,FALSO,07/10/2022,11:00:00,Universidad de Oviedo,,,,,,Prácticas De Laboratorio - Laboratorio Polivalente (1.s.29),,,Normal,Falso,Normal,2
Programación Concurrente y Paralela - Prácticas De Laboratorio-05,23/09/2022,12:00:00,23/09/2022,13:00:00,FALSO,FALSO,23/09/2022,11:00:00,Universidad de Oviedo,,,,,,Prácticas De Laboratorio - Laboratorio Polivalente (1.s.29),,,Normal,Falso,Normal,2
Programación Concurrente y Paralela - Prácticas De Laboratorio-05,30/09/2022,12:00:00,30/09/2022,15:00:00,FALSO,FALSO,30/09/2022,11:00:00,Universidad de Oviedo,,,,,,Prácticas De Laboratorio - Laboratorio Polivalente (1.s.29),,,Normal,Falso,Normal,2
Programación Concurrente y Paralela - Prácticas De Laboratorio-05,11/11/2022,12:00:00,11/11/2022,15:00:00,FALSO,FALSO,11/11/2022,11:00:00,Universidad de Oviedo,,,,,,Prácticas De Laboratorio - Laboratorio Polivalente (1.s.29),,,Normal,Falso,Normal,2
Redes de Computadores - Tutorías Grupales-05,30/11/2022,09:00:00,30/11/2022,11:00:00,FALSO,FALSO,30/11/2022,8:00:00,Universidad de Oviedo,,,,,,Tutoría Grupal - Aula B8,,,Normal,Falso,Normal,2
Administración de Sistemas - Prácticas De Laboratorio-05,26/09/2022,09:00:00,26/09/2022,10:00:00,FALSO,FALSO,26/09/2022,8:00:00,Universidad de Oviedo,,,,,,Jorge Álvarez Fidalgo Prácticas De Laboratorio - Aula B7,,,Normal,Falso,Normal,2
Administración de Sistemas - Prácticas De Laboratorio-05,21/11/2022,09:00:00,21/11/2022,12:00:00,FALSO,FALSO,21/11/2022,8:00:00,Universidad de Oviedo,,,,,,Jorge Álvarez Fidalgo Prácticas De Laboratorio - Aula B7,,,Normal,Falso,Normal,2
Administración de Sistemas - Prácticas De Laboratorio-05,07/11/2022,09:00:00,07/11/2022,12:00:00,FALSO,FALSO,07/11/2022,8:00:00,Universidad de Oviedo,,,,,,Jorge Álvarez Fidalgo Prácticas De Laboratorio - Aula B7,,,Normal,Falso,Normal,2
Administración de Sistemas - Prácticas De Laboratorio-05,14/11/2022,09:00:00,14/11/2022,12:00:00,FALSO,FALSO,14/11/2022,8:00:00,Universidad de Oviedo,,,,,,Jorge Álvarez Fidalgo Prácticas De Laboratorio - Aula B7,,,Normal,Falso,Normal,2
Administración de Sistemas - Prácticas De Laboratorio-05,10/10/2022,09:00:00,10/10/2022,12:00:00,FALSO,FALSO,10/10/2022,8:00:00,Universidad de Oviedo,,,,,,Jorge Álvarez Fidalgo Prácticas De Laboratorio - Aula B7,,,Normal,Falso,Normal,2
Administración de Sistemas - Prácticas De Laboratorio-05,17/10/2022,09:00:00,17/10/2022,12:00:00,FALSO,FALSO,17/10/2022,8:00:00,Universidad de Oviedo,,,,,,Jorge Álvarez Fidalgo Prácticas De Laboratorio - Aula B7,,,Normal,Falso,Normal,2
Administración de Sistemas - Prácticas De Laboratorio-05,24/10/2022,09:00:00,24/10/2022,12:00:00,FALSO,FALSO,24/10/2022,8:00:00,Universidad de Oviedo,,,,,,Jorge Álvarez Fidalgo Prácticas De Laboratorio - Aula B7,,,Normal,Falso,Normal,2
Administración de Sistemas - Prácticas De Laboratorio-05,12/12/2022,09:00:00,12/12/2022,12:00:00,FALSO,FALSO,12/12/2022,8:00:00,Universidad de Oviedo,,,,,,Jorge Álvarez Fidalgo Prácticas De Laboratorio - Aula B7,,,Normal,Falso,Normal,2
Administración de Sistemas - Prácticas De Laboratorio-05,03/10/2022,09:00:00,03/10/2022,12:00:00,FALSO,FALSO,03/10/2022,8:00:00,Universidad de Oviedo,,,,,,Jorge Álvarez Fidalgo Prácticas De Laboratorio - Aula B7,,,Normal,Falso,Normal,2
Administración de Sistemas - Prácticas De Laboratorio-05,28/11/2022,09:00:00,28/11/2022,12:00:00,FALSO,FALSO,28/11/2022,8:00:00,Universidad de Oviedo,,,,,,Jorge Álvarez Fidalgo Prácticas De Laboratorio - Aula B7,,,Normal,Falso,Normal,2
Programación Concurrente y Paralela - Prácticas De Aula-02,27/10/2022,11:00:00,27/10/2022,12:00:00,FALSO,FALSO,27/10/2022,10:00:00,Universidad de Oviedo,,,,,,Prácticas De Aula - Aula As-9,,,Normal,Falso,Normal,2
Programación Concurrente y Paralela - Prácticas De Aula-02,03/11/2022,11:00:00,03/11/2022,12:00:00,FALSO,FALSO,03/11/2022,10:00:00,Universidad de Oviedo,,,,,,Prácticas De Aula - Aula As-9,,,Normal,Falso,Normal,2
Programación Concurrente y Paralela - Prácticas De Aula-02,01/12/2022,11:00:00,01/12/2022,12:00:00,FALSO,FALSO,01/12/2022,10:00:00,Universidad de Oviedo,,,,,,Prácticas De Aula - Aula As-9,,,Normal,Falso,Normal,2
Programación Concurrente y Paralela - Prácticas De Aula-02,10/11/2022,11:00:00,10/11/2022,12:00:00,FALSO,FALSO,10/11/2022,10:00:00,Universidad de Oviedo,,,,,,Prácticas De Aula - Aula As-9,,,Normal,Falso,Normal,2
Programación Concurrente y Paralela - Prácticas De Aula-02,17/11/2022,11:00:00,17/11/2022,12:00:00,FALSO,FALSO,17/11/2022,10:00:00,Universidad de Oviedo,,,,,,Prácticas De Aula - Aula As-9,,,Normal,Falso,Normal,2
Programación Concurrente y Paralela - Prácticas De Aula-02,24/11/2022,11:00:00,24/11/2022,12:00:00,FALSO,FALSO,24/11/2022,10:00:00,Universidad de Oviedo,,,,,,Prácticas De Aula - Aula As-9,,,Normal,Falso,Normal,2
Programación Concurrente y Paralela - Prácticas De Aula-02,15/12/2022,11:00:00,15/12/2022,12:00:00,FALSO,FALSO,15/12/2022,10:00:00,Universidad de Oviedo,,,,,,Prácticas De Aula - Aula As-9,,,Normal,Falso,Normal,2
Configuración y Evaluación de Sistemas - Tutorías Grupales-05,26/10/2022,14:00:00,26/10/2022,15:00:00,FALSO,FALSO,26/10/2022,13:00:00,Universidad de Oviedo,,,,,,Tutoría Grupal - Aula De Informática B3,,,Normal,Falso,Normal,2
Configuración y Evaluación de Sistemas - Tutorías Grupales-05,14/12/2022,14:00:00,14/12/2022,15:00:00,FALSO,FALSO,14/12/2022,13:00:00,Universidad de Oviedo,,,,,,Tutoría Grupal - Aula De Informática B3,,,Normal,Falso,Normal,2
Administración de Sistemas - Tutorías Grupales-05,26/09/2022,10:00:00,26/09/2022,12:00:00,FALSO,FALSO,26/09/2022,9:00:00,Universidad de Oviedo,,,,,,Jorge Álvarez Fidalgo Tutoría Grupal - Aula B7,,,Normal,Falso,Normal,2
Redes de Computadores - Prácticas De Aula-02,05/12/2022,14:00:00,05/12/2022,15:00:00,FALSO,FALSO,05/12/2022,13:00:00,Universidad de Oviedo,,,,,,Prácticas De Aula - Aula As-1,,,Normal,Falso,Normal,2
Redes de Computadores - Prácticas De Aula-02,21/11/2022,14:00:00,21/11/2022,15:00:00,FALSO,FALSO,21/11/2022,13:00:00,Universidad de Oviedo,,,,,,Prácticas De Aula - Aula As-1,,,Normal,Falso,Normal,2
Redes de Computadores - Prácticas De Aula-02,14/11/2022,14:00:00,14/11/2022,15:00:00,FALSO,FALSO,14/11/2022,13:00:00,Universidad de Oviedo,,,,,,Prácticas De Aula - Aula As-1,,,Normal,Falso,Normal,2
Redes de Computadores - Prácticas De Aula-02,28/11/2022,14:00:00,28/11/2022,15:00:00,FALSO,FALSO,28/11/2022,13:00:00,Universidad de Oviedo,,,,,,Prácticas De Aula - Aula As-1,,,Normal,Falso,Normal,2
Redes de Computadores - Prácticas De Aula-02,31/10/2022,14:00:00,31/10/2022,15:00:00,FALSO,FALSO,31/10/2022,13:00:00,Universidad de Oviedo,,,,,,Prácticas De Aula - Aula As-1,,,Normal,Falso,Normal,2
Redes de Computadores - Prácticas De Aula-02,12/12/2022,14:00:00,12/12/2022,15:00:00,FALSO,FALSO,12/12/2022,13:00:00,Universidad de Oviedo,,,,,,Prácticas De Aula - Aula As-1,,,Normal,Falso,Normal,2
Redes de Computadores - Prácticas De Aula-02,07/11/2022,14:00:00,07/11/2022,15:00:00,FALSO,FALSO,07/11/2022,13:00:00,Universidad de Oviedo,,,,,,Prácticas De Aula - Aula As-1,,,Normal,Falso,Normal,2
Programación Concurrente y Paralela - Teoría-a,20/09/2022,09:00:00,20/09/2022,11:00:00,FALSO,FALSO,20/09/2022,8:00:00,Universidad de Oviedo,,,,,,Clase Expositiva - Aula As-1,,,Normal,Falso,Normal,2
Programación Concurrente y Paralela - Teoría-a,11/10/2022,09:00:00,11/10/2022,10:00:00,FALSO,FALSO,11/10/2022,8:00:00,Universidad de Oviedo,,,,,,Clase Expositiva - Aula As-1,,,Normal,Falso,Normal,2
Programación Concurrente y Paralela - Teoría-a,25/10/2022,09:00:00,25/10/2022,10:00:00,FALSO,FALSO,25/10/2022,8:00:00,Universidad de Oviedo,,,,,,Clase Expositiva - Aula As-1,,,Normal,Falso,Normal,2
Programación Concurrente y Paralela - Teoría-a,22/11/2022,09:00:00,22/11/2022,10:00:00,FALSO,FALSO,22/11/2022,8:00:00,Universidad de Oviedo,,,,,,Clase Expositiva - Aula As-1,,,Normal,Falso,Normal,2
Programación Concurrente y Paralela - Teoría-a,15/11/2022,09:00:00,15/11/2022,10:00:00,FALSO,FALSO,15/11/2022,8:00:00,Universidad de Oviedo,,,,,,Clase Expositiva - Aula As-1,,,Normal,Falso,Normal,2
Programación Concurrente y Paralela - Teoría-a,13/10/2022,12:00:00,13/10/2022,13:00:00,FALSO,FALSO,13/10/2022,11:00:00,Universidad de Oviedo,,,,,,Clase Expositiva - Aula As-1,,,Normal,Falso,Normal,2
Programación Concurrente y Paralela - Teoría-a,29/11/2022,09:00:00,29/11/2022,10:00:00,FALSO,FALSO,29/11/2022,8:00:00,Universidad de Oviedo,,,,,,Clase Expositiva - Aula As-1,,,Normal,Falso,Normal,2
Programación Concurrente y Paralela - Teoría-a,15/09/2022,12:00:00,15/09/2022,13:00:00,FALSO,FALSO,15/09/2022,11:00:00,Universidad de Oviedo,,,,,,Clase Expositiva - Aula As-1,,,Normal,Falso,Normal,2
Programación Concurrente y Paralela - Teoría-a,08/11/2022,09:00:00,08/11/2022,10:00:00,FALSO,FALSO,08/11/2022,8:00:00,Universidad de Oviedo,,,,,,Clase Expositiva - Aula As-1,,,Normal,Falso,Normal,2
Programación Concurrente y Paralela - Teoría-a,29/09/2022,12:00:00,29/09/2022,13:00:00,FALSO,FALSO,29/09/2022,11:00:00,Universidad de Oviedo,,,,,,Clase Expositiva - Aula As-1,,,Normal,Falso,Normal,2
Programación Concurrente y Paralela - Teoría-a,22/09/2022,12:00:00,22/09/2022,13:00:00,FALSO,FALSO,22/09/2022,11:00:00,Universidad de Oviedo,,,,,,Clase Expositiva - Aula As-1,,,Normal,Falso,Normal,2
Programación Concurrente y Paralela - Teoría-a,13/12/2022,09:00:00,13/12/2022,10:00:00,FALSO,FALSO,13/12/2022,8:00:00,Universidad de Oviedo,,,,,,Clase Expositiva - Aula As-1,,,Normal,Falso,Normal,2
Programación Concurrente y Paralela - Teoría-a,04/10/2022,09:00:00,04/10/2022,10:00:00,FALSO,FALSO,04/10/2022,8:00:00,Universidad de Oviedo,,,,,,Clase Expositiva - Aula As-1,,,Normal,Falso,Normal,2
Programación Concurrente y Paralela - Teoría-a,06/10/2022,12:00:00,06/10/2022,13:00:00,FALSO,FALSO,06/10/2022,11:00:00,Universidad de Oviedo,,,,,,Clase Expositiva - Aula As-1,,,Normal,Falso,Normal,2
Programación Concurrente y Paralela - Teoría-a,13/09/2022,09:00:00,13/09/2022,11:00:00,FALSO,FALSO,13/09/2022,8:00:00,Universidad de Oviedo,,,,,,Clase Expositiva - Aula As-1,,,Normal,Falso,Normal,2
Programación Concurrente y Paralela - Teoría-a,18/10/2022,09:00:00,18/10/2022,10:00:00,FALSO,FALSO,18/10/2022,8:00:00,Universidad de Oviedo,,,,,,Clase Expositiva - Aula As-1,,,Normal,Falso,Normal,2
Programación Concurrente y Paralela - Teoría-a,27/09/2022,09:00:00,27/09/2022,11:00:00,FALSO,FALSO,27/09/2022,8:00:00,Universidad de Oviedo,,,,,,Clase Expositiva - Aula As-1,,,Normal,Falso,Normal,2
Programación Concurrente y Paralela - Teoría-a,20/10/2022,12:00:00,20/10/2022,13:00:00,FALSO,FALSO,20/10/2022,11:00:00,Universidad de Oviedo,,,,,,Clase Expositiva - Aula As-1,,,Normal,Falso,Normal,2
Configuración y Evaluación de Sistemas - Prácticas De Laboratorio-05,14/09/2022,12:00:00,14/09/2022,14:00:00,FALSO,FALSO,14/09/2022,11:00:00,Universidad de Oviedo,,,,,,Prácticas De Laboratorio - Aula De Informática B3,,,Normal,Falso,Normal,2
Configuración y Evaluación de Sistemas - Prácticas De Laboratorio-05,02/11/2022,12:00:00,02/11/2022,14:00:00,FALSO,FALSO,02/11/2022,11:00:00,Universidad de Oviedo,,,,,,Prácticas De Laboratorio - Aula De Informática B3,,,Normal,Falso,Normal,2
Configuración y Evaluación de Sistemas - Prácticas De Laboratorio-05,26/10/2022,12:00:00,26/10/2022,14:00:00,FALSO,FALSO,26/10/2022,11:00:00,Universidad de Oviedo,,,,,,Prácticas De Laboratorio - Aula De Informática B3,,,Normal,Falso,Normal,2
Configuración y Evaluación de Sistemas - Prácticas De Laboratorio-05,30/11/2022,12:00:00,30/11/2022,14:00:00,FALSO,FALSO,30/11/2022,11:00:00,Universidad de Oviedo,,,,,,Prácticas De Laboratorio - Aula De Informática B3,,,Normal,Falso,Normal,2
Configuración y Evaluación de Sistemas - Prácticas De Laboratorio-05,09/11/2022,12:00:00,09/11/2022,14:00:00,FALSO,FALSO,09/11/2022,11:00:00,Universidad de Oviedo,,,,,,Prácticas De Laboratorio - Aula De Informática B3,,,Normal,Falso,Normal,2
Configuración y Evaluación de Sistemas - Prácticas De Laboratorio-05,19/10/2022,12:00:00,19/10/2022,15:00:00,FALSO,FALSO,19/10/2022,11:00:00,Universidad de Oviedo,,,,,,Prácticas De Laboratorio - Aula De Informática B3,,,Normal,Falso,Normal,2
Configuración y Evaluación de Sistemas - Prácticas De Laboratorio-05,14/12/2022,12:00:00,14/12/2022,14:00:00,FALSO,FALSO,14/12/2022,11:00:00,Universidad de Oviedo,,,,,,Prácticas De Laboratorio - Aula De Informática B3,,,Normal,Falso,Normal,2
Configuración y Evaluación de Sistemas - Prácticas De Laboratorio-05,07/12/2022,12:00:00,07/12/2022,14:00:00,FALSO,FALSO,07/12/2022,11:00:00,Universidad de Oviedo,,,,,,Prácticas De Laboratorio - Aula De Informática B3,,,Normal,Falso,Normal,2
Configuración y Evaluación de Sistemas - Prácticas De Laboratorio-05,05/10/2022,12:00:00,05/10/2022,14:00:00,FALSO,FALSO,05/10/2022,11:00:00,Universidad de Oviedo,,,,,,Prácticas De Laboratorio - Aula De Informática B3,,,Normal,Falso,Normal,2
Configuración y Evaluación de Sistemas - Prácticas De Laboratorio-05,23/11/2022,12:00:00,23/11/2022,14:00:00,FALSO,FALSO,23/11/2022,11:00:00,Universidad de Oviedo,,,,,,Prácticas De Laboratorio - Aula De Informática B3,,,Normal,Falso,Normal,2
Configuración y Evaluación de Sistemas - Prácticas De Laboratorio-05,21/09/2022,12:00:00,21/09/2022,14:00:00,FALSO,FALSO,21/09/2022,11:00:00,Universidad de Oviedo,,,,,,Prácticas De Laboratorio - Aula De Informática B3,,,Normal,Falso,Normal,2
Configuración y Evaluación de Sistemas - Prácticas De Laboratorio-05,16/11/2022,12:00:00,16/11/2022,14:00:00,FALSO,FALSO,16/11/2022,11:00:00,Universidad de Oviedo,,,,,,Prácticas De Laboratorio - Aula De Informática B3,,,Normal,Falso,Normal,2
Configuración y Evaluación de Sistemas - Prácticas De Laboratorio-05,28/09/2022,12:00:00,28/09/2022,15:00:00,FALSO,FALSO,28/09/2022,11:00:00,Universidad de Oviedo,,,,,,Prácticas De Laboratorio - Aula De Informática B3,,,Normal,Falso,Normal,2
Programación Concurrente y Paralela - Tutorías Grupales-05,23/09/2022,13:00:00,23/09/2022,15:00:00,FALSO,FALSO,23/09/2022,12:00:00,Universidad de Oviedo,,,,,,Tutoría Grupal - Laboratorio Polivalente (1.s.29),,,Normal,Falso,Normal,2
Administración de Sistemas - Teoría-a,22/11/2022,12:00:00,22/11/2022,13:00:00,FALSO,FALSO,22/11/2022,11:00:00,Universidad de Oviedo,,,,,,Clase Expositiva - Aula As-1,,,Normal,Falso,Normal,2
Administración de Sistemas - Teoría-a,11/10/2022,12:00:00,11/10/2022,13:00:00,FALSO,FALSO,11/10/2022,11:00:00,Universidad de Oviedo,,,,,,Clase Expositiva - Aula As-1,,,Normal,Falso,Normal,2
Administración de Sistemas - Teoría-a,04/10/2022,12:00:00,04/10/2022,13:00:00,FALSO,FALSO,04/10/2022,11:00:00,Universidad de Oviedo,,,,,,Clase Expositiva - Aula As-1,,,Normal,Falso,Normal,2
Administración de Sistemas - Teoría-a,13/12/2022,12:00:00,13/12/2022,13:00:00,FALSO,FALSO,13/12/2022,11:00:00,Universidad de Oviedo,,,,,,Clase Expositiva - Aula As-1,,,Normal,Falso,Normal,2
Administración de Sistemas - Teoría-a,18/10/2022,12:00:00,18/10/2022,13:00:00,FALSO,FALSO,18/10/2022,11:00:00,Universidad de Oviedo,,,,,,Clase Expositiva - Aula As-1,,,Normal,Falso,Normal,2
Administración de Sistemas - Teoría-a,15/11/2022,12:00:00,15/11/2022,13:00:00,FALSO,FALSO,15/11/2022,11:00:00,Universidad de Oviedo,,,,,,Clase Expositiva - Aula As-1,,,Normal,Falso,Normal,2
Administración de Sistemas - Teoría-a,13/09/2022,14:00:00,13/09/2022,15:00:00,FALSO,FALSO,13/09/2022,13:00:00,Universidad de Oviedo,,,,,,Clase Expositiva - Aula As-1,,,Normal,Falso,Normal,2
Administración de Sistemas - Teoría-a,15/09/2022,09:00:00,15/09/2022,10:00:00,FALSO,FALSO,15/09/2022,8:00:00,Universidad de Oviedo,,,,,,Clase Expositiva - Aula As-1,,,Normal,Falso,Normal,2
Administración de Sistemas - Teoría-a,22/09/2022,09:00:00,22/09/2022,10:00:00,FALSO,FALSO,22/09/2022,8:00:00,Universidad de Oviedo,,,,,,Clase Expositiva - Aula As-1,,,Normal,Falso,Normal,2
Administración de Sistemas - Teoría-a,29/11/2022,12:00:00,29/11/2022,13:00:00,FALSO,FALSO,29/11/2022,11:00:00,Universidad de Oviedo,,,,,,Clase Expositiva - Aula As-1,,,Normal,Falso,Normal,2
Administración de Sistemas - Teoría-a,25/10/2022,12:00:00,25/10/2022,13:00:00,FALSO,FALSO,25/10/2022,11:00:00,Universidad de Oviedo,,,,,,Clase Expositiva - Aula As-1,,,Normal,Falso,Normal,2
Administración de Sistemas - Teoría-a,20/10/2022,09:00:00,20/10/2022,10:00:00,FALSO,FALSO,20/10/2022,8:00:00,Universidad de Oviedo,,,,,,Clase Expositiva - Aula As-1,,,Normal,Falso,Normal,2
Administración de Sistemas - Teoría-a,13/09/2022,12:00:00,13/09/2022,13:00:00,FALSO,FALSO,13/09/2022,11:00:00,Universidad de Oviedo,,,,,,Clase Expositiva - Aula As-1,,,Normal,Falso,Normal,2
Administración de Sistemas - Teoría-a,20/09/2022,12:00:00,20/09/2022,13:00:00,FALSO,FALSO,20/09/2022,11:00:00,Universidad de Oviedo,,,,,,Clase Expositiva - Aula As-1,,,Normal,Falso,Normal,2
Administración de Sistemas - Teoría-a,08/11/2022,12:00:00,08/11/2022,13:00:00,FALSO,FALSO,08/11/2022,11:00:00,Universidad de Oviedo,,,,,,Clase Expositiva - Aula As-1,,,Normal,Falso,Normal,2
Administración de Sistemas - Teoría-a,29/09/2022,09:00:00,29/09/2022,10:00:00,FALSO,FALSO,29/09/2022,8:00:00,Universidad de Oviedo,,,,,,Clase Expositiva - Aula As-1,,,Normal,Falso,Normal,2
Administración de Sistemas - Teoría-a,27/09/2022,12:00:00,27/09/2022,13:00:00,FALSO,FALSO,27/09/2022,11:00:00,Universidad de Oviedo,,,,,,Clase Expositiva - Aula As-1,,,Normal,Falso,Normal,2
Administración de Sistemas - Teoría-a,06/10/2022,09:00:00,06/10/2022,10:00:00,FALSO,FALSO,06/10/2022,8:00:00,Universidad de Oviedo,,,,,,Clase Expositiva - Aula As-1,,,Normal,Falso,Normal,2
Administración de Sistemas - Teoría-a,13/10/2022,09:00:00,13/10/2022,10:00:00,FALSO,FALSO,13/10/2022,8:00:00,Universidad de Oviedo,,,,,,Clase Expositiva - Aula As-1,,,Normal,Falso,Normal,2
Administración de Sistemas - Teoría-a,20/09/2022,14:00:00,20/09/2022,15:00:00,FALSO,FALSO,20/09/2022,13:00:00,Universidad de Oviedo,,,,,,Clase Expositiva - Aula As-1,,,Normal,Falso,Normal,2
Administración de Sistemas - Teoría-a,27/09/2022,14:00:00,27/09/2022,15:00:00,FALSO,FALSO,27/09/2022,13:00:00,Universidad de Oviedo,,,,,,Clase Expositiva - Aula As-1,,,Normal,Falso,Normal,2
Administración de Sistemas - Prácticas De Aula-02,10/11/2022,10:00:00,10/11/2022,11:00:00,FALSO,FALSO,10/11/2022,9:00:00,Universidad de Oviedo,,,,,,Prácticas De Aula - Aula C,,,Normal,Falso,Normal,2
Administración de Sistemas - Prácticas De Aula-02,24/11/2022,10:00:00,24/11/2022,11:00:00,FALSO,FALSO,24/11/2022,9:00:00,Universidad de Oviedo,,,,,,Prácticas De Aula - Aula C,,,Normal,Falso,Normal,2
Administración de Sistemas - Prácticas De Aula-02,03/11/2022,10:00:00,03/11/2022,11:00:00,FALSO,FALSO,03/11/2022,9:00:00,Universidad de Oviedo,,,,,,Prácticas De Aula - Aula C,,,Normal,Falso,Normal,2
Administración de Sistemas - Prácticas De Aula-02,15/12/2022,10:00:00,15/12/2022,11:00:00,FALSO,FALSO,15/12/2022,9:00:00,Universidad de Oviedo,,,,,,Prácticas De Aula - Aula C,,,Normal,Falso,Normal,2
Administración de Sistemas - Prácticas De Aula-02,17/11/2022,10:00:00,17/11/2022,11:00:00,FALSO,FALSO,17/11/2022,9:00:00,Universidad de Oviedo,,,,,,Prácticas De Aula - Aula C,,,Normal,Falso,Normal,2
Administración de Sistemas - Prácticas De Aula-02,01/12/2022,10:00:00,01/12/2022,11:00:00,FALSO,FALSO,01/12/2022,9:00:00,Universidad de Oviedo,,,,,,Prácticas De Aula - Aula C,,,Normal,Falso,Normal,2
Administración de Sistemas - Prácticas De Aula-02,27/10/2022,10:00:00,27/10/2022,11:00:00,FALSO,FALSO,27/10/2022,9:00:00,Universidad de Oviedo,,,,,,Prácticas De Aula - Aula C,,,Normal,Falso,Normal,2
Configuración y Evaluación de Sistemas - Teoría-a,29/09/2022,10:00:00,29/09/2022,11:00:00,FALSO,FALSO,29/09/2022,9:00:00,Universidad de Oviedo,,,,,,Clase Expositiva - Aula As-1,,,Normal,Falso,Normal,2
Configuración y Evaluación de Sistemas - Teoría-a,13/10/2022,10:00:00,13/10/2022,11:00:00,FALSO,FALSO,13/10/2022,9:00:00,Universidad de Oviedo,,,,,,Clase Expositiva - Aula As-1,,,Normal,Falso,Normal,2
Configuración y Evaluación de Sistemas - Teoría-a,25/10/2022,13:00:00,25/10/2022,14:00:00,FALSO,FALSO,25/10/2022,12:00:00,Universidad de Oviedo,,,,,,Clase Expositiva - Aula As-1,,,Normal,Falso,Normal,2
Configuración y Evaluación de Sistemas - Teoría-a,06/10/2022,10:00:00,06/10/2022,11:00:00,FALSO,FALSO,06/10/2022,9:00:00,Universidad de Oviedo,,,,,,Clase Expositiva - Aula As-1,,,Normal,Falso,Normal,2
Configuración y Evaluación de Sistemas - Teoría-a,22/09/2022,10:00:00,22/09/2022,11:00:00,FALSO,FALSO,22/09/2022,9:00:00,Universidad de Oviedo,,,,,,Clase Expositiva - Aula As-1,,,Normal,Falso,Normal,2
Configuración y Evaluación de Sistemas - Teoría-a,20/10/2022,10:00:00,20/10/2022,11:00:00,FALSO,FALSO,20/10/2022,9:00:00,Universidad de Oviedo,,,,,,Clase Expositiva - Aula As-1,,,Normal,Falso,Normal,2
Configuración y Evaluación de Sistemas - Teoría-a,22/11/2022,13:00:00,22/11/2022,14:00:00,FALSO,FALSO,22/11/2022,12:00:00,Universidad de Oviedo,,,,,,Clase Expositiva - Aula As-1,,,Normal,Falso,Normal,2
Configuración y Evaluación de Sistemas - Teoría-a,27/09/2022,13:00:00,27/09/2022,14:00:00,FALSO,FALSO,27/09/2022,12:00:00,Universidad de Oviedo,,,,,,Clase Expositiva - Aula As-1,,,Normal,Falso,Normal,2
Configuración y Evaluación de Sistemas - Teoría-a,19/09/2022,11:00:00,19/09/2022,12:00:00,FALSO,FALSO,19/09/2022,10:00:00,Universidad de Oviedo,,,,,,Clase Expositiva - Aula As-1,,,Normal,Falso,Normal,2
Configuración y Evaluación de Sistemas - Teoría-a,18/10/2022,13:00:00,18/10/2022,14:00:00,FALSO,FALSO,18/10/2022,12:00:00,Universidad de Oviedo,,,,,,Clase Expositiva - Aula As-1,,,Normal,Falso,Normal,2
Configuración y Evaluación de Sistemas - Teoría-a,15/11/2022,13:00:00,15/11/2022,14:00:00,FALSO,FALSO,15/11/2022,12:00:00,Universidad de Oviedo,,,,,,Clase Expositiva - Aula As-1,,,Normal,Falso,Normal,2
Configuración y Evaluación de Sistemas - Teoría-a,08/11/2022,13:00:00,08/11/2022,14:00:00,FALSO,FALSO,08/11/2022,12:00:00,Universidad de Oviedo,,,,,,Clase Expositiva - Aula As-1,,,Normal,Falso,Normal,2
Configuración y Evaluación de Sistemas - Teoría-a,29/11/2022,13:00:00,29/11/2022,14:00:00,FALSO,FALSO,29/11/2022,12:00:00,Universidad de Oviedo,,,,,,Clase Expositiva - Aula As-1,,,Normal,Falso,Normal,2
Configuración y Evaluación de Sistemas - Teoría-a,20/09/2022,13:00:00,20/09/2022,14:00:00,FALSO,FALSO,20/09/2022,12:00:00,Universidad de Oviedo,,,,,,Clase Expositiva - Aula As-1,,,Normal,Falso,Normal,2
Configuración y Evaluación de Sistemas - Teoría-a,04/10/2022,13:00:00,04/10/2022,14:00:00,FALSO,FALSO,04/10/2022,12:00:00,Universidad de Oviedo,,,,,,Clase Expositiva - Aula As-1,,,Normal,Falso,Normal,2
Configuración y Evaluación de Sistemas - Teoría-a,13/09/2022,13:00:00,13/09/2022,14:00:00,FALSO,FALSO,13/09/2022,12:00:00,Universidad de Oviedo,,,,,,Clase Expositiva - Aula As-1,,,Normal,Falso,Normal,2
Configuración y Evaluación de Sistemas - Teoría-a,13/12/2022,13:00:00,13/12/2022,14:00:00,FALSO,FALSO,13/12/2022,12:00:00,Universidad de Oviedo,,,,,,Clase Expositiva - Aula As-1,,,Normal,Falso,Normal,2
Configuración y Evaluación de Sistemas - Teoría-a,15/09/2022,10:00:00,15/09/2022,11:00:00,FALSO,FALSO,15/09/2022,9:00:00,Universidad de Oviedo,,,,,,Clase Expositiva - Aula As-1,,,Normal,Falso,Normal,2
Configuración y Evaluación de Sistemas - Teoría-a,11/10/2022,13:00:00,11/10/2022,14:00:00,FALSO,FALSO,11/10/2022,12:00:00,Universidad de Oviedo,,,,,,Clase Expositiva - Aula As-1,,,Normal,Falso,Normal,2
Configuración y Evaluación de Sistemas - Teoría-a,12/09/2022,11:00:00,12/09/2022,12:00:00,FALSO,FALSO,12/09/2022,10:00:00,Universidad de Oviedo,,,,,,Clase Expositiva - Aula As-1,,,Normal,Falso,Normal,2
Configuración y Evaluación de Sistemas - Prácticas De Aula-02,01/12/2022,09:00:00,01/12/2022,10:00:00,FALSO,FALSO,01/12/2022,8:00:00,Universidad de Oviedo,,,,,,Prácticas De Aula - Aula C,,,Normal,Falso,Normal,2
Configuración y Evaluación de Sistemas - Prácticas De Aula-02,03/11/2022,09:00:00,03/11/2022,10:00:00,FALSO,FALSO,03/11/2022,8:00:00,Universidad de Oviedo,,,,,,Prácticas De Aula - Aula C,,,Normal,Falso,Normal,2
Configuración y Evaluación de Sistemas - Prácticas De Aula-02,15/12/2022,09:00:00,15/12/2022,10:00:00,FALSO,FALSO,15/12/2022,8:00:00,Universidad de Oviedo,,,,,,Prácticas De Aula - Aula C,,,Normal,Falso,Normal,2
Configuración y Evaluación de Sistemas - Prácticas De Aula-02,24/11/2022,09:00:00,24/11/2022,10:00:00,FALSO,FALSO,24/11/2022,8:00:00,Universidad de Oviedo,,,,,,Prácticas De Aula - Aula C,,,Normal,Falso,Normal,2
Configuración y Evaluación de Sistemas - Prácticas De Aula-02,17/11/2022,09:00:00,17/11/2022,10:00:00,FALSO,FALSO,17/11/2022,8:00:00,Universidad de Oviedo,,,,,,Prácticas De Aula - Aula C,,,Normal,Falso,Normal,2
Configuración y Evaluación de Sistemas - Prácticas De Aula-02,27/10/2022,09:00:00,27/10/2022,10:00:00,FALSO,FALSO,27/10/2022,8:00:00,Universidad de Oviedo,,,,,,Prácticas De Aula - Aula C,,,Normal,Falso,Normal,2
Configuración y Evaluación de Sistemas - Prácticas De Aula-02,10/11/2022,09:00:00,10/11/2022,10:00:00,FALSO,FALSO,10/11/2022,8:00:00,Universidad de Oviedo,,,,,,Prácticas De Aula - Aula C,,,Normal,Falso,Normal,2
Ampliación de Matemáticas - Clases Expositivas-1,12/12/2022,16:00:00,12/12/2022,17:00:00,FALSO,FALSO,12/12/2022,15:00:00,Universidad de Oviedo,,,,,,Francisco Prieto Castrillo Clase Expositiva - Aula B,,,Normal,Falso,Normal,2
Ampliación de Matemáticas - Clases Expositivas-1,03/10/2022,16:00:00,03/10/2022,17:00:00,FALSO,FALSO,03/10/2022,15:00:00,Universidad de Oviedo,,,,,,Francisco Prieto Castrillo Clase Expositiva - Aula B,,,Normal,Falso,Normal,2
Ampliación de Matemáticas - Clases Expositivas-1,26/09/2022,16:00:00,26/09/2022,17:00:00,FALSO,FALSO,26/09/2022,15:00:00,Universidad de Oviedo,,,,,,Francisco Prieto Castrillo Clase Expositiva - Aula B,,,Normal,Falso,Normal,2
Ampliación de Matemáticas - Clases Expositivas-1,14/11/2022,16:00:00,14/11/2022,17:00:00,FALSO,FALSO,14/11/2022,15:00:00,Universidad de Oviedo,,,,,,Francisco Prieto Castrillo Clase Expositiva - Aula B,,,Normal,Falso,Normal,2
Ampliación de Matemáticas - Clases Expositivas-1,10/10/2022,16:00:00,10/10/2022,17:00:00,FALSO,FALSO,10/10/2022,15:00:00,Universidad de Oviedo,,,,,,Francisco Prieto Castrillo Clase Expositiva - Aula B,,,Normal,Falso,Normal,2
Ampliación de Matemáticas - Clases Expositivas-1,12/09/2022,16:00:00,12/09/2022,17:00:00,FALSO,FALSO,12/09/2022,15:00:00,Universidad de Oviedo,,,,,,Francisco Prieto Castrillo Clase Expositiva - Aula B,,,Normal,Falso,Normal,2
Ampliación de Matemáticas - Clases Expositivas-1,21/11/2022,16:00:00,21/11/2022,17:00:00,FALSO,FALSO,21/11/2022,15:00:00,Universidad de Oviedo,,,,,,Francisco Prieto Castrillo Clase Expositiva - Aula B,,,Normal,Falso,Normal,2
Ampliación de Matemáticas - Clases Expositivas-1,05/12/2022,16:00:00,05/12/2022,17:00:00,FALSO,FALSO,05/12/2022,15:00:00,Universidad de Oviedo,,,,,,Francisco Prieto Castrillo Clase Expositiva - Aula B,,,Normal,Falso,Normal,2
Ampliación de Matemáticas - Clases Expositivas-1,07/11/2022,16:00:00,07/11/2022,17:00:00,FALSO,FALSO,07/11/2022,15:00:00,Universidad de Oviedo,,,,,,Francisco Prieto Castrillo Clase Expositiva - Aula B,,,Normal,Falso,Normal,2
Ampliación de Matemáticas - Clases Expositivas-1,24/10/2022,16:00:00,24/10/2022,17:00:00,FALSO,FALSO,24/10/2022,15:00:00,Universidad de Oviedo,,,,,,Francisco Prieto Castrillo Clase Expositiva - Aula B,,,Normal,Falso,Normal,2
Ampliación de Matemáticas - Clases Expositivas-1,19/09/2022,16:00:00,19/09/2022,17:00:00,FALSO,FALSO,19/09/2022,15:00:00,Universidad de Oviedo,,,,,,Francisco Prieto Castrillo Clase Expositiva - Aula B,,,Normal,Falso,Normal,2
Ampliación de Matemáticas - Clases Expositivas-1,28/11/2022,16:00:00,28/11/2022,17:00:00,FALSO,FALSO,28/11/2022,15:00:00,Universidad de Oviedo,,,,,,Francisco Prieto Castrillo Clase Expositiva - Aula B,,,Normal,Falso,Normal,2
Ampliación de Matemáticas - Clases Expositivas-1,17/10/2022,16:00:00,17/10/2022,17:00:00,FALSO,FALSO,17/10/2022,15:00:00,Universidad de Oviedo,,,,,,Francisco Prieto Castrillo Clase Expositiva - Aula B,,,Normal,Falso,Normal,2
Ampliación de Matemáticas - Clases Expositivas-1,31/10/2022,16:00:00,31/10/2022,17:00:00,FALSO,FALSO,31/10/2022,15:00:00,Universidad de Oviedo,,,,,,Francisco Prieto Castrillo Clase Expositiva - Aula B,,,Normal,Falso,Normal,2
Aprendizaje Automático I - Prácticas De Laboratorio-2,19/10/2022,15:00:00,19/10/2022,16:00:00,FALSO,FALSO,19/10/2022,14:00:00,Universidad de Oviedo,,,,,,Prácticas De Laboratorio - Aula De Informática B3,,,Normal,Falso,Normal,2
Aprendizaje Automático I - Prácticas De Laboratorio-2,16/11/2022,15:00:00,16/11/2022,16:00:00,FALSO,FALSO,16/11/2022,14:00:00,Universidad de Oviedo,,,,,,Prácticas De Laboratorio - Aula De Informática B3,,,Normal,Falso,Normal,2
Aprendizaje Automático I - Prácticas De Laboratorio-2,02/11/2022,15:00:00,02/11/2022,16:00:00,FALSO,FALSO,02/11/2022,14:00:00,Universidad de Oviedo,,,,,,Prácticas De Laboratorio - Aula De Informática B3,,,Normal,Falso,Normal,2
Aprendizaje Automático I - Prácticas De Laboratorio-2,05/10/2022,15:00:00,05/10/2022,16:00:00,FALSO,FALSO,05/10/2022,14:00:00,Universidad de Oviedo,,,,,,Prácticas De Laboratorio - Aula De Informática B3,,,Normal,Falso,Normal,2
Aprendizaje Automático I - Prácticas De Laboratorio-2,07/12/2022,15:00:00,07/12/2022,16:00:00,FALSO,FALSO,07/12/2022,14:00:00,Universidad de Oviedo,,,,,,Prácticas De Laboratorio - Aula De Informática B3,,,Normal,Falso,Normal,2
Aprendizaje Automático I - Prácticas De Laboratorio-2,14/12/2022,15:00:00,14/12/2022,16:00:00,FALSO,FALSO,14/12/2022,14:00:00,Universidad de Oviedo,,,,,,Prácticas De Laboratorio - Aula De Informática B3,,,Normal,Falso,Normal,2
Aprendizaje Automático I - Prácticas De Laboratorio-2,23/11/2022,15:00:00,23/11/2022,16:00:00,FALSO,FALSO,23/11/2022,14:00:00,Universidad de Oviedo,,,,,,Prácticas De Laboratorio - Aula De Informática B3,,,Normal,Falso,Normal,2
Aprendizaje Automático I - Prácticas De Laboratorio-2,28/09/2022,15:00:00,28/09/2022,16:00:00,FALSO,FALSO,28/09/2022,14:00:00,Universidad de Oviedo,,,,,,Prácticas De Laboratorio - Aula De Informática B3,,,Normal,Falso,Normal,2
Aprendizaje Automático I - Prácticas De Laboratorio-2,14/09/2022,15:00:00,14/09/2022,16:00:00,FALSO,FALSO,14/09/2022,14:00:00,Universidad de Oviedo,,,,,,Prácticas De Laboratorio - Aula De Informática B3,,,Normal,Falso,Normal,2
Aprendizaje Automático I - Prácticas De Laboratorio-2,26/10/2022,15:00:00,26/10/2022,16:00:00,FALSO,FALSO,26/10/2022,14:00:00,Universidad de Oviedo,,,,,,Prácticas De Laboratorio - Aula De Informática B3,,,Normal,Falso,Normal,2
Aprendizaje Automático I - Prácticas De Laboratorio-2,09/11/2022,15:00:00,09/11/2022,16:00:00,FALSO,FALSO,09/11/2022,14:00:00,Universidad de Oviedo,,,,,,Prácticas De Laboratorio - Aula De Informática B3,,,Normal,Falso,Normal,2
Aprendizaje Automático I - Prácticas De Laboratorio-2,21/09/2022,15:00:00,21/09/2022,16:00:00,FALSO,FALSO,21/09/2022,14:00:00,Universidad de Oviedo,,,,,,Prácticas De Laboratorio - Aula De Informática B3,,,Normal,Falso,Normal,2
Aprendizaje Automático I - Prácticas De Laboratorio-2,30/11/2022,15:00:00,30/11/2022,16:00:00,FALSO,FALSO,30/11/2022,14:00:00,Universidad de Oviedo,,,,,,Prácticas De Laboratorio - Aula De Informática B3,,,Normal,Falso,Normal,2
Aprendizaje Automático I - Clases Expositivas-1,13/12/2022,16:00:00,13/12/2022,17:00:00,FALSO,FALSO,13/12/2022,15:00:00,Universidad de Oviedo,,,,,,Clase Expositiva - Aula A,,,Normal,Falso,Normal,2
Aprendizaje Automático I - Clases Expositivas-1,25/10/2022,16:00:00,25/10/2022,17:00:00,FALSO,FALSO,25/10/2022,15:00:00,Universidad de Oviedo,,,,,,Clase Expositiva - Aula A,,,Normal,Falso,Normal,2
Aprendizaje Automático I - Clases Expositivas-1,20/09/2022,16:00:00,20/09/2022,17:00:00,FALSO,FALSO,20/09/2022,15:00:00,Universidad de Oviedo,,,,,,Clase Expositiva - Aula A,,,Normal,Falso,Normal,2
Aprendizaje Automático I - Clases Expositivas-1,11/10/2022,16:00:00,11/10/2022,17:00:00,FALSO,FALSO,11/10/2022,15:00:00,Universidad de Oviedo,,,,,,Clase Expositiva - Aula A,,,Normal,Falso,Normal,2
Aprendizaje Automático I - Clases Expositivas-1,04/10/2022,16:00:00,04/10/2022,17:00:00,FALSO,FALSO,04/10/2022,15:00:00,Universidad de Oviedo,,,,,,Clase Expositiva - Aula A,,,Normal,Falso,Normal,2
Aprendizaje Automático I - Clases Expositivas-1,22/11/2022,16:00:00,22/11/2022,17:00:00,FALSO,FALSO,22/11/2022,15:00:00,Universidad de Oviedo,,,,,,Clase Expositiva - Aula A,,,Normal,Falso,Normal,2
Aprendizaje Automático I - Clases Expositivas-1,29/11/2022,16:00:00,29/11/2022,17:00:00,FALSO,FALSO,29/11/2022,15:00:00,Universidad de Oviedo,,,,,,Clase Expositiva - Aula A,,,Normal,Falso,Normal,2
Aprendizaje Automático I - Clases Expositivas-1,08/11/2022,16:00:00,08/11/2022,17:00:00,FALSO,FALSO,08/11/2022,15:00:00,Universidad de Oviedo,,,,,,Clase Expositiva - Aula A,,,Normal,Falso,Normal,2
Aprendizaje Automático I - Clases Expositivas-1,13/09/2022,16:00:00,13/09/2022,17:00:00,FALSO,FALSO,13/09/2022,15:00:00,Universidad de Oviedo,,,,,,Clase Expositiva - Aula A,,,Normal,Falso,Normal,2
Aprendizaje Automático I - Clases Expositivas-1,18/10/2022,16:00:00,18/10/2022,17:00:00,FALSO,FALSO,18/10/2022,15:00:00,Universidad de Oviedo,,,,,,Clase Expositiva - Aula A,,,Normal,Falso,Normal,2
Aprendizaje Automático I - Clases Expositivas-1,27/09/2022,16:00:00,27/09/2022,17:00:00,FALSO,FALSO,27/09/2022,15:00:00,Universidad de Oviedo,,,,,,Clase Expositiva - Aula A,,,Normal,Falso,Normal,2
Aprendizaje Automático I - Clases Expositivas-1,15/11/2022,16:00:00,15/11/2022,17:00:00,FALSO,FALSO,15/11/2022,15:00:00,Universidad de Oviedo,,,,,,Clase Expositiva - Aula A,,,Normal,Falso,Normal,2
Ampliación de Matemáticas - Prácticas De Laboratorio-2,29/11/2022,15:00:00,29/11/2022,16:00:00,FALSO,FALSO,29/11/2022,14:00:00,Universidad de Oviedo,,,,,,Francisco Prieto Castrillo Prácticas De Laboratorio - Aula De Informática B1,,,Normal,Falso,Normal,2
Ampliación de Matemáticas - Prácticas De Laboratorio-2,20/09/2022,15:00:00,20/09/2022,16:00:00,FALSO,FALSO,20/09/2022,14:00:00,Universidad de Oviedo,,,,,,Francisco Prieto Castrillo Prácticas De Laboratorio - Aula De Informática B1,,,Normal,Falso,Normal,2
Ampliación de Matemáticas - Prácticas De Laboratorio-2,08/11/2022,15:00:00,08/11/2022,16:00:00,FALSO,FALSO,08/11/2022,14:00:00,Universidad de Oviedo,,,,,,Francisco Prieto Castrillo Prácticas De Laboratorio - Aula De Informática B1,,,Normal,Falso,Normal,2
Ampliación de Matemáticas - Prácticas De Laboratorio-2,18/10/2022,15:00:00,18/10/2022,16:00:00,FALSO,FALSO,18/10/2022,14:00:00,Universidad de Oviedo,,,,,,Francisco Prieto Castrillo Prácticas De Laboratorio - Aula De Informática B1,,,Normal,Falso,Normal,2
Ampliación de Matemáticas - Prácticas De Laboratorio-2,13/12/2022,15:00:00,13/12/2022,16:00:00,FALSO,FALSO,13/12/2022,14:00:00,Universidad de Oviedo,,,,,,Francisco Prieto Castrillo Prácticas De Laboratorio - Aula De Informática B1,,,Normal,Falso,Normal,2
Ampliación de Matemáticas - Prácticas De Laboratorio-2,04/10/2022,15:00:00,04/10/2022,16:00:00,FALSO,FALSO,04/10/2022,14:00:00,Universidad de Oviedo,,,,,,Francisco Prieto Castrillo Prácticas De Laboratorio - Aula De Informática B1,,,Normal,Falso,Normal,2
Ampliación de Matemáticas - Prácticas De Laboratorio-2,15/11/2022,15:00:00,15/11/2022,16:00:00,FALSO,FALSO,15/11/2022,14:00:00,Universidad de Oviedo,,,,,,Francisco Prieto Castrillo Prácticas De Laboratorio - Aula De Informática B1,,,Normal,Falso,Normal,2
Ampliación de Matemáticas - Prácticas De Aula\/semina-1,07/11/2022,17:00:00,07/11/2022,18:00:00,FALSO,FALSO,07/11/2022,16:00:00,Universidad de Oviedo,,,,,,Francisco Prieto Castrillo Prácticas De Aula - Aula B,,,Normal,Falso,Normal,2
Ampliación de Matemáticas - Prácticas De Aula\/semina-1,19/09/2022,17:00:00,19/09/2022,18:00:00,FALSO,FALSO,19/09/2022,16:00:00,Universidad de Oviedo,,,,,,Francisco Prieto Castrillo Prácticas De Aula - Aula B,,,Normal,Falso,Normal,2
Ampliación de Matemáticas - Prácticas De Aula\/semina-1,14/11/2022,17:00:00,14/11/2022,18:00:00,FALSO,FALSO,14/11/2022,16:00:00,Universidad de Oviedo,,,,,,Francisco Prieto Castrillo Prácticas De Aula - Aula B,,,Normal,Falso,Normal,2
Ampliación de Matemáticas - Prácticas De Aula\/semina-1,28/11/2022,17:00:00,28/11/2022,18:00:00,FALSO,FALSO,28/11/2022,16:00:00,Universidad de Oviedo,,,,,,Francisco Prieto Castrillo Prácticas De Aula - Aula B,,,Normal,Falso,Normal,2
Ampliación de Matemáticas - Prácticas De Aula\/semina-1,17/10/2022,17:00:00,17/10/2022,18:00:00,FALSO,FALSO,17/10/2022,16:00:00,Universidad de Oviedo,,,,,,Francisco Prieto Castrillo Prácticas De Aula - Aula B,,,Normal,Falso,Normal,2
Ampliación de Matemáticas - Prácticas De Aula\/semina-1,03/10/2022,17:00:00,03/10/2022,18:00:00,FALSO,FALSO,03/10/2022,16:00:00,Universidad de Oviedo,,,,,,Francisco Prieto Castrillo Prácticas De Aula - Aula B,,,Normal,Falso,Normal,2
Ampliación de Matemáticas - Prácticas De Aula\/semina-1,12/12/2022,17:00:00,12/12/2022,18:00:00,FALSO,FALSO,12/12/2022,16:00:00,Universidad de Oviedo,,,,,,Francisco Prieto Castrillo Prácticas De Aula - Aula B,,,Normal,Falso,Normal,2
Infraestructura Informática - Teoría-ingles,20/03/2023,10:00:00,20/03/2023,11:00:00,FALSO,FALSO,20/03/2023,9:00:00,Universidad de Oviedo,,,,,,Luis Magadán Cobo Clase Expositiva - Aula Do-3,,,Normal,Falso,Normal,2
Infraestructura Informática - Teoría-ingles,26/01/2023,09:00:00,26/01/2023,10:00:00,FALSO,FALSO,26/01/2023,8:00:00,Universidad de Oviedo,,,,,,Luis Magadán Cobo Clase Expositiva - Aula Do-3,,,Normal,Falso,Normal,2
Infraestructura Informática - Teoría-ingles,30/01/2023,10:00:00,30/01/2023,11:00:00,FALSO,FALSO,30/01/2023,9:00:00,Universidad de Oviedo,,,,,,Luis Magadán Cobo Clase Expositiva - Aula Do-3,,,Normal,Falso,Normal,2
Infraestructura Informática - Teoría-ingles,02/02/2023,09:00:00,02/02/2023,10:00:00,FALSO,FALSO,02/02/2023,8:00:00,Universidad de Oviedo,,,,,,Luis Magadán Cobo Clase Expositiva - Aula Do-3,,,Normal,Falso,Normal,2
Infraestructura Informática - Teoría-ingles,27/02/2023,10:00:00,27/02/2023,11:00:00,FALSO,FALSO,27/02/2023,9:00:00,Universidad de Oviedo,,,,,,Luis Magadán Cobo Clase Expositiva - Aula Do-3,,,Normal,Falso,Normal,2
Infraestructura Informática - Teoría-ingles,06/02/2023,10:00:00,06/02/2023,11:00:00,FALSO,FALSO,06/02/2023,9:00:00,Universidad de Oviedo,,,,,,Luis Magadán Cobo Clase Expositiva - Aula Do-3,,,Normal,Falso,Normal,2
Infraestructura Informática - Teoría-ingles,24/04/2023,10:00:00,24/04/2023,11:00:00,FALSO,FALSO,24/04/2023,9:00:00,Universidad de Oviedo,,,,,,Luis Magadán Cobo Clase Expositiva - Aula Do-3,,,Normal,Falso,Normal,2
Infraestructura Informática - Teoría-ingles,10/04/2023,10:00:00,10/04/2023,11:00:00,FALSO,FALSO,10/04/2023,9:00:00,Universidad de Oviedo,,,,,,Luis Magadán Cobo Clase Expositiva - Aula Do-3,,,Normal,Falso,Normal,2
Infraestructura Informática - Teoría-ingles,13/03/2023,10:00:00,13/03/2023,11:00:00,FALSO,FALSO,13/03/2023,9:00:00,Universidad de Oviedo,,,,,,Luis Magadán Cobo Clase Expositiva - Aula Do-3,,,Normal,Falso,Normal,2
Infraestructura Informática - Teoría-ingles,27/04/2023,14:00:00,27/04/2023,15:00:00,FALSO,FALSO,27/04/2023,13:00:00,Universidad de Oviedo,,,,,,Luis Magadán Cobo Clase Expositiva - Aula Do-3,,,Normal,Falso,Normal,2
Infraestructura Informática - Teoría-ingles,13/02/2023,10:00:00,13/02/2023,11:00:00,FALSO,FALSO,13/02/2023,9:00:00,Universidad de Oviedo,,,,,,Luis Magadán Cobo Clase Expositiva - Aula Do-3,,,Normal,Falso,Normal,2
Infraestructura Informática - Teoría-ingles,02/03/2023,09:00:00,02/03/2023,10:00:00,FALSO,FALSO,02/03/2023,8:00:00,Universidad de Oviedo,,,,,,Luis Magadán Cobo Clase Expositiva - Aula Do-3,,,Normal,Falso,Normal,2
Infraestructura Informática - Teoría-ingles,17/04/2023,10:00:00,17/04/2023,11:00:00,FALSO,FALSO,17/04/2023,9:00:00,Universidad de Oviedo,,,,,,Luis Magadán Cobo Clase Expositiva - Aula Do-3,,,Normal,Falso,Normal,2
Infraestructura Informática - Teoría-ingles,23/02/2023,09:00:00,23/02/2023,10:00:00,FALSO,FALSO,23/02/2023,8:00:00,Universidad de Oviedo,,,,,,Luis Magadán Cobo Clase Expositiva - Aula Do-3,,,Normal,Falso,Normal,2
Infraestructura Informática - Teoría-ingles,16/02/2023,09:00:00,16/02/2023,10:00:00,FALSO,FALSO,16/02/2023,8:00:00,Universidad de Oviedo,,,,,,Luis Magadán Cobo Clase Expositiva - Aula Do-3,,,Normal,Falso,Normal,2
Infraestructura Informática - Teoría-ingles,09/02/2023,09:00:00,09/02/2023,10:00:00,FALSO,FALSO,09/02/2023,8:00:00,Universidad de Oviedo,,,,,,Luis Magadán Cobo Clase Expositiva - Aula Do-3,,,Normal,Falso,Normal,2
Infraestructura Informática - Teoría-ingles,09/03/2023,09:00:00,09/03/2023,10:00:00,FALSO,FALSO,09/03/2023,8:00:00,Universidad de Oviedo,,,,,,Luis Magadán Cobo Clase Expositiva - Aula Do-3,,,Normal,Falso,Normal,2
Infraestructura Informática - Teoría-ingles,06/03/2023,10:00:00,06/03/2023,11:00:00,FALSO,FALSO,06/03/2023,9:00:00,Universidad de Oviedo,,,,,,Luis Magadán Cobo Clase Expositiva - Aula Do-3,,,Normal,Falso,Normal,2
Infraestructura Informática - Teoría-ingles,20/02/2023,10:00:00,20/02/2023,11:00:00,FALSO,FALSO,20/02/2023,9:00:00,Universidad de Oviedo,,,,,,Luis Magadán Cobo Clase Expositiva - Aula Do-3,,,Normal,Falso,Normal,2
Infraestructura Informática - Teoría-ingles,27/03/2023,10:00:00,27/03/2023,11:00:00,FALSO,FALSO,27/03/2023,9:00:00,Universidad de Oviedo,,,,,,Luis Magadán Cobo Clase Expositiva - Aula Do-3,,,Normal,Falso,Normal,2
Infraestructura Informática - Teoría-ingles,04/05/2023,14:00:00,04/05/2023,15:00:00,FALSO,FALSO,04/05/2023,13:00:00,Universidad de Oviedo,,,,,,Luis Magadán Cobo Clase Expositiva - Aula Do-3,,,Normal,Falso,Normal,2
Infraestructura Informática - Prácticas De Laboratorio-inglés,25/01/2023,09:00:00,25/01/2023,11:00:00,FALSO,FALSO,25/01/2023,8:00:00,Universidad de Oviedo,,,,,,Luis Magadán Cobo Prácticas De Laboratorio - Laboratorio Hardware 1 (1.s.31),,,Normal,Falso,Normal,2
Infraestructura Informática - Prácticas De Laboratorio-inglés,08/02/2023,09:00:00,08/02/2023,11:00:00,FALSO,FALSO,08/02/2023,8:00:00,Universidad de Oviedo,,,,,,Luis Magadán Cobo Prácticas De Laboratorio - Laboratorio Hardware 1 (1.s.31),,,Normal,Falso,Normal,2
Infraestructura Informática - Prácticas De Laboratorio-inglés,01/03/2023,09:00:00,01/03/2023,11:00:00,FALSO,FALSO,01/03/2023,8:00:00,Universidad de Oviedo,,,,,,Luis Magadán Cobo Prácticas De Laboratorio - Laboratorio Hardware 1 (1.s.31),,,Normal,Falso,Normal,2
Infraestructura Informática - Prácticas De Laboratorio-inglés,08/03/2023,09:00:00,08/03/2023,11:00:00,FALSO,FALSO,08/03/2023,8:00:00,Universidad de Oviedo,,,,,,Luis Magadán Cobo Prácticas De Laboratorio - Laboratorio Hardware 1 (1.s.31),,,Normal,Falso,Normal,2
Infraestructura Informática - Prácticas De Laboratorio-inglés,01/02/2023,09:00:00,01/02/2023,11:00:00,FALSO,FALSO,01/02/2023,8:00:00,Universidad de Oviedo,,,,,,Luis Magadán Cobo Prácticas De Laboratorio - Laboratorio Hardware 1 (1.s.31),,,Normal,Falso,Normal,2
Infraestructura Informática - Prácticas De Laboratorio-inglés,19/04/2023,09:00:00,19/04/2023,11:00:00,FALSO,FALSO,19/04/2023,8:00:00,Universidad de Oviedo,,,,,,Luis Magadán Cobo Prácticas De Laboratorio - Laboratorio Hardware 1 (1.s.31),,,Normal,Falso,Normal,2
Infraestructura Informática - Prácticas De Laboratorio-inglés,26/04/2023,09:00:00,26/04/2023,11:00:00,FALSO,FALSO,26/04/2023,8:00:00,Universidad de Oviedo,,,,,,Luis Magadán Cobo Prácticas De Laboratorio - Laboratorio Hardware 1 (1.s.31),,,Normal,Falso,Normal,2
Infraestructura Informática - Prácticas De Laboratorio-inglés,29/03/2023,09:00:00,29/03/2023,11:00:00,FALSO,FALSO,29/03/2023,8:00:00,Universidad de Oviedo,,,,,,Luis Magadán Cobo Prácticas De Laboratorio - Laboratorio Hardware 1 (1.s.31),,,Normal,Falso,Normal,2
Infraestructura Informática - Prácticas De Laboratorio-inglés,03/05/2023,09:00:00,03/05/2023,11:00:00,FALSO,FALSO,03/05/2023,8:00:00,Universidad de Oviedo,,,,,,Luis Magadán Cobo Prácticas De Laboratorio - Laboratorio Hardware 1 (1.s.31),,,Normal,Falso,Normal,2
Infraestructura Informática - Prácticas De Laboratorio-inglés,15/02/2023,09:00:00,15/02/2023,11:00:00,FALSO,FALSO,15/02/2023,8:00:00,Universidad de Oviedo,,,,,,Luis Magadán Cobo Prácticas De Laboratorio - Laboratorio Hardware 1 (1.s.31),,,Normal,Falso,Normal,2
Infraestructura Informática - Prácticas De Laboratorio-inglés,15/03/2023,09:00:00,15/03/2023,11:00:00,FALSO,FALSO,15/03/2023,8:00:00,Universidad de Oviedo,,,,,,Luis Magadán Cobo Prácticas De Laboratorio - Laboratorio Hardware 1 (1.s.31),,,Normal,Falso,Normal,2
Infraestructura Informática - Prácticas De Laboratorio-inglés,22/02/2023,09:00:00,22/02/2023,11:00:00,FALSO,FALSO,22/02/2023,8:00:00,Universidad de Oviedo,,,,,,Luis Magadán Cobo Prácticas De Laboratorio - Laboratorio Hardware 1 (1.s.31),,,Normal,Falso,Normal,2
Infraestructura Informática - Prácticas De Laboratorio-inglés,12/04/2023,09:00:00,12/04/2023,11:00:00,FALSO,FALSO,12/04/2023,8:00:00,Universidad de Oviedo,,,,,,Luis Magadán Cobo Prácticas De Laboratorio - Laboratorio Hardware 1 (1.s.31),,,Normal,Falso,Normal,2
Infraestructura Informática - Prácticas De Laboratorio-inglés,22/03/2023,09:00:00,22/03/2023,11:00:00,FALSO,FALSO,22/03/2023,8:00:00,Universidad de Oviedo,,,,,,Luis Magadán Cobo Prácticas De Laboratorio - Laboratorio Hardware 1 (1.s.31),,,Normal,Falso,Normal,2
Sistemas de Información - Prácticas De Laboratorio-inglés,28/04/2023,09:00:00,28/04/2023,11:00:00,FALSO,FALSO,28/04/2023,8:00:00,Universidad de Oviedo,,,,,,Prácticas De Laboratorio - Aula B7,,,Normal,Falso,Normal,2
Sistemas de Información - Prácticas De Laboratorio-inglés,17/02/2023,09:00:00,17/02/2023,12:00:00,FALSO,FALSO,17/02/2023,8:00:00,Universidad de Oviedo,,,,,,Prácticas De Laboratorio - Aula B7,,,Normal,Falso,Normal,2
Sistemas de Información - Prácticas De Laboratorio-inglés,21/04/2023,09:00:00,21/04/2023,12:00:00,FALSO,FALSO,21/04/2023,8:00:00,Universidad de Oviedo,,,,,,Prácticas De Laboratorio - Aula B7,,,Normal,Falso,Normal,2
Sistemas de Información - Prácticas De Laboratorio-inglés,05/05/2023,09:00:00,05/05/2023,11:00:00,FALSO,FALSO,05/05/2023,8:00:00,Universidad de Oviedo,,,,,,Prácticas De Laboratorio - Aula B7,,,Normal,Falso,Normal,2
Sistemas de Información - Prácticas De Laboratorio-inglés,14/04/2023,09:00:00,14/04/2023,12:00:00,FALSO,FALSO,14/04/2023,8:00:00,Universidad de Oviedo,,,,,,Prácticas De Laboratorio - Aula B7,,,Normal,Falso,Normal,2
Sistemas de Información - Prácticas De Laboratorio-inglés,24/02/2023,09:00:00,24/02/2023,12:00:00,FALSO,FALSO,24/02/2023,8:00:00,Universidad de Oviedo,,,,,,Prácticas De Laboratorio - Aula B7,,,Normal,Falso,Normal,2
Sistemas de Información - Prácticas De Laboratorio-inglés,24/03/2023,09:00:00,24/03/2023,12:00:00,FALSO,FALSO,24/03/2023,8:00:00,Universidad de Oviedo,,,,,,Prácticas De Laboratorio - Aula B7,,,Normal,Falso,Normal,2
Sistemas de Información - Prácticas De Laboratorio-inglés,31/03/2023,09:00:00,31/03/2023,12:00:00,FALSO,FALSO,31/03/2023,8:00:00,Universidad de Oviedo,,,,,,Prácticas De Laboratorio - Aula B7,,,Normal,Falso,Normal,2
Sistemas de Información - Prácticas De Laboratorio-inglés,03/03/2023,09:00:00,03/03/2023,12:00:00,FALSO,FALSO,03/03/2023,8:00:00,Universidad de Oviedo,,,,,,Prácticas De Laboratorio - Aula B7,,,Normal,Falso,Normal,2
Infraestructura Informática - Tutorías Grupales-inglés,20/04/2023,13:00:00,20/04/2023,15:00:00,FALSO,FALSO,20/04/2023,12:00:00,Universidad de Oviedo,,,,,,Luis Magadán Cobo Tutoría Grupal - Laboratorio Hardware 1 (1.s.31),,,Normal,Falso,Normal,2
Ingeniería de Redes - Prácticas De Laboratorio-05,21/03/2023,11:00:00,21/03/2023,13:00:00,FALSO,FALSO,21/03/2023,10:00:00,Universidad de Oviedo,,,,,,Prácticas De Laboratorio - Aula Telecable 2.6.09,,,Normal,Falso,Normal,2
Ingeniería de Redes - Prácticas De Laboratorio-05,03/02/2023,13:00:00,03/02/2023,14:00:00,FALSO,FALSO,03/02/2023,12:00:00,Universidad de Oviedo,,,,,,Prácticas De Laboratorio - Aula Telecable 2.6.09,,,Normal,Falso,Normal,2
Ingeniería de Redes - Prácticas De Laboratorio-05,10/02/2023,13:00:00,10/02/2023,14:00:00,FALSO,FALSO,10/02/2023,12:00:00,Universidad de Oviedo,,,,,,Prácticas De Laboratorio - Aula Telecable 2.6.09,,,Normal,Falso,Normal,2
Ingeniería de Redes - Prácticas De Laboratorio-05,31/03/2023,13:00:00,31/03/2023,14:00:00,FALSO,FALSO,31/03/2023,12:00:00,Universidad de Oviedo,,,,,,Prácticas De Laboratorio - Aula Telecable 2.6.09,,,Normal,Falso,Normal,2
Ingeniería de Redes - Prácticas De Laboratorio-05,11/04/2023,11:00:00,11/04/2023,13:00:00,FALSO,FALSO,11/04/2023,10:00:00,Universidad de Oviedo,,,,,,Prácticas De Laboratorio - Aula Telecable 2.6.09,,,Normal,Falso,Normal,2
Ingeniería de Redes - Prácticas De Laboratorio-05,28/03/2023,11:00:00,28/03/2023,13:00:00,FALSO,FALSO,28/03/2023,10:00:00,Universidad de Oviedo,,,,,,Prácticas De Laboratorio - Aula Telecable 2.6.09,,,Normal,Falso,Normal,2
Ingeniería de Redes - Prácticas De Laboratorio-05,03/03/2023,13:00:00,03/03/2023,14:00:00,FALSO,FALSO,03/03/2023,12:00:00,Universidad de Oviedo,,,,,,Prácticas De Laboratorio - Aula Telecable 2.6.09,,,Normal,Falso,Normal,2
Ingeniería de Redes - Prácticas De Laboratorio-05,14/02/2023,11:00:00,14/02/2023,13:00:00,FALSO,FALSO,14/02/2023,10:00:00,Universidad de Oviedo,,,,,,Prácticas De Laboratorio - Aula Telecable 2.6.09,,,Normal,Falso,Normal,2
Ingeniería de Redes - Prácticas De Laboratorio-05,25/04/2023,11:00:00,25/04/2023,13:00:00,FALSO,FALSO,25/04/2023,10:00:00,Universidad de Oviedo,,,,,,Prácticas De Laboratorio - Aula Telecable 2.6.09,,,Normal,Falso,Normal,2
Ingeniería de Redes - Prácticas De Laboratorio-05,14/04/2023,13:00:00,14/04/2023,14:00:00,FALSO,FALSO,14/04/2023,12:00:00,Universidad de Oviedo,,,,,,Prácticas De Laboratorio - Aula Telecable 2.6.09,,,Normal,Falso,Normal,2
Ingeniería de Redes - Prácticas De Laboratorio-05,31/01/2023,11:00:00,31/01/2023,13:00:00,FALSO,FALSO,31/01/2023,10:00:00,Universidad de Oviedo,,,,,,Prácticas De Laboratorio - Aula Telecable 2.6.09,,,Normal,Falso,Normal,2
Ingeniería de Redes - Prácticas De Laboratorio-05,10/03/2023,13:00:00,10/03/2023,14:00:00,FALSO,FALSO,10/03/2023,12:00:00,Universidad de Oviedo,,,,,,Prácticas De Laboratorio - Aula Telecable 2.6.09,,,Normal,Falso,Normal,2
Ingeniería de Redes - Prácticas De Laboratorio-05,17/02/2023,13:00:00,17/02/2023,14:00:00,FALSO,FALSO,17/02/2023,12:00:00,Universidad de Oviedo,,,,,,Prácticas De Laboratorio - Aula Telecable 2.6.09,,,Normal,Falso,Normal,2
Ingeniería de Redes - Prácticas De Laboratorio-05,28/02/2023,11:00:00,28/02/2023,13:00:00,FALSO,FALSO,28/02/2023,10:00:00,Universidad de Oviedo,,,,,,Prácticas De Laboratorio - Aula Telecable 2.6.09,,,Normal,Falso,Normal,2
Ingeniería de Redes - Prácticas De Laboratorio-05,24/03/2023,13:00:00,24/03/2023,14:00:00,FALSO,FALSO,24/03/2023,12:00:00,Universidad de Oviedo,,,,,,Prácticas De Laboratorio - Aula Telecable 2.6.09,,,Normal,Falso,Normal,2
Ingeniería de Redes - Prácticas De Laboratorio-05,18/04/2023,11:00:00,18/04/2023,13:00:00,FALSO,FALSO,18/04/2023,10:00:00,Universidad de Oviedo,,,,,,Prácticas De Laboratorio - Aula Telecable 2.6.09,,,Normal,Falso,Normal,2
Ingeniería de Redes - Prácticas De Laboratorio-05,07/02/2023,11:00:00,07/02/2023,13:00:00,FALSO,FALSO,07/02/2023,10:00:00,Universidad de Oviedo,,,,,,Prácticas De Laboratorio - Aula Telecable 2.6.09,,,Normal,Falso,Normal,2
Ingeniería de Redes - Prácticas De Laboratorio-05,07/03/2023,11:00:00,07/03/2023,13:00:00,FALSO,FALSO,07/03/2023,10:00:00,Universidad de Oviedo,,,,,,Prácticas De Laboratorio - Aula Telecable 2.6.09,,,Normal,Falso,Normal,2
Infraestructura Informática - Prácticas De Aula-inglés,30/03/2023,09:00:00,30/03/2023,10:00:00,FALSO,FALSO,30/03/2023,8:00:00,Universidad de Oviedo,,,,,,Luis Magadán Cobo Prácticas De Aula - Aula Do-3,,,Normal,Falso,Normal,2
Infraestructura Informática - Prácticas De Aula-inglés,27/04/2023,09:00:00,27/04/2023,10:00:00,FALSO,FALSO,27/04/2023,8:00:00,Universidad de Oviedo,,,,,,Luis Magadán Cobo Prácticas De Aula - Aula Do-3,,,Normal,Falso,Normal,2
Infraestructura Informática - Prácticas De Aula-inglés,16/03/2023,09:00:00,16/03/2023,10:00:00,FALSO,FALSO,16/03/2023,8:00:00,Universidad de Oviedo,,,,,,Luis Magadán Cobo Prácticas De Aula - Aula Do-3,,,Normal,Falso,Normal,2
Infraestructura Informática - Prácticas De Aula-inglés,13/04/2023,09:00:00,13/04/2023,10:00:00,FALSO,FALSO,13/04/2023,8:00:00,Universidad de Oviedo,,,,,,Luis Magadán Cobo Prácticas De Aula - Aula Do-3,,,Normal,Falso,Normal,2
Infraestructura Informática - Prácticas De Aula-inglés,23/03/2023,09:00:00,23/03/2023,10:00:00,FALSO,FALSO,23/03/2023,8:00:00,Universidad de Oviedo,,,,,,Luis Magadán Cobo Prácticas De Aula - Aula Do-3,,,Normal,Falso,Normal,2
Infraestructura Informática - Prácticas De Aula-inglés,20/04/2023,09:00:00,20/04/2023,10:00:00,FALSO,FALSO,20/04/2023,8:00:00,Universidad de Oviedo,,,,,,Luis Magadán Cobo Prácticas De Aula - Aula Do-3,,,Normal,Falso,Normal,2
Infraestructura Informática - Prácticas De Aula-inglés,04/05/2023,09:00:00,04/05/2023,10:00:00,FALSO,FALSO,04/05/2023,8:00:00,Universidad de Oviedo,,,,,,Luis Magadán Cobo Prácticas De Aula - Aula Do-3,,,Normal,Falso,Normal,2
Sistemas de Información - Tutorías Grupales-inglés,28/04/2023,11:00:00,28/04/2023,12:00:00,FALSO,FALSO,28/04/2023,10:00:00,Universidad de Oviedo,,,,,,Tutoría Grupal - Aula B7,,,Normal,Falso,Normal,2
Sistemas de Información - Tutorías Grupales-inglés,05/05/2023,11:00:00,05/05/2023,12:00:00,FALSO,FALSO,05/05/2023,10:00:00,Universidad de Oviedo,,,,,,Tutoría Grupal - Aula B7,,,Normal,Falso,Normal,2
Ingeniería de Redes - Tutorías Grupales-05,21/04/2023,13:00:00,21/04/2023,14:00:00,FALSO,FALSO,21/04/2023,12:00:00,Universidad de Oviedo,,,,,,Tutoría Grupal - Aula Telecable 2.6.09,,,Normal,Falso,Normal,2
Ingeniería de Redes - Tutorías Grupales-05,28/04/2023,13:00:00,28/04/2023,14:00:00,FALSO,FALSO,28/04/2023,12:00:00,Universidad de Oviedo,,,,,,Tutoría Grupal - Aula Telecable 2.6.09,,,Normal,Falso,Normal,2
Ingeniería de Redes - Teoría-a,06/03/2023,12:00:00,06/03/2023,13:00:00,FALSO,FALSO,06/03/2023,11:00:00,Universidad de Oviedo,,,,,,Clase Expositiva - Aula E,,,Normal,Falso,Normal,2
Ingeniería de Redes - Teoría-a,13/03/2023,12:00:00,13/03/2023,13:00:00,FALSO,FALSO,13/03/2023,11:00:00,Universidad de Oviedo,,,,,,Clase Expositiva - Aula E,,,Normal,Falso,Normal,2
Ingeniería de Redes - Teoría-a,24/04/2023,12:00:00,24/04/2023,13:00:00,FALSO,FALSO,24/04/2023,11:00:00,Universidad de Oviedo,,,,,,Clase Expositiva - Aula E,,,Normal,Falso,Normal,2
Ingeniería de Redes - Teoría-a,09/03/2023,11:00:00,09/03/2023,12:00:00,FALSO,FALSO,09/03/2023,10:00:00,Universidad de Oviedo,,,,,,Clase Expositiva - Aula E,,,Normal,Falso,Normal,2
Ingeniería de Redes - Teoría-a,23/02/2023,11:00:00,23/02/2023,12:00:00,FALSO,FALSO,23/02/2023,10:00:00,Universidad de Oviedo,,,,,,Clase Expositiva - Aula E,,,Normal,Falso,Normal,2
Ingeniería de Redes - Teoría-a,06/02/2023,12:00:00,06/02/2023,13:00:00,FALSO,FALSO,06/02/2023,11:00:00,Universidad de Oviedo,,,,,,Clase Expositiva - Aula E,,,Normal,Falso,Normal,2
Ingeniería de Redes - Teoría-a,09/02/2023,11:00:00,09/02/2023,12:00:00,FALSO,FALSO,09/02/2023,10:00:00,Universidad de Oviedo,,,,,,Clase Expositiva - Aula E,,,Normal,Falso,Normal,2
Ingeniería de Redes - Teoría-a,30/01/2023,12:00:00,30/01/2023,13:00:00,FALSO,FALSO,30/01/2023,11:00:00,Universidad de Oviedo,,,,,,Clase Expositiva - Aula E,,,Normal,Falso,Normal,2
Ingeniería de Redes - Teoría-a,20/02/2023,12:00:00,20/02/2023,13:00:00,FALSO,FALSO,20/02/2023,11:00:00,Universidad de Oviedo,,,,,,Clase Expositiva - Aula E,,,Normal,Falso,Normal,2
Ingeniería de Redes - Teoría-a,13/02/2023,12:00:00,13/02/2023,13:00:00,FALSO,FALSO,13/02/2023,11:00:00,Universidad de Oviedo,,,,,,Clase Expositiva - Aula E,,,Normal,Falso,Normal,2
Ingeniería de Redes - Teoría-a,17/04/2023,12:00:00,17/04/2023,13:00:00,FALSO,FALSO,17/04/2023,11:00:00,Universidad de Oviedo,,,,,,Clase Expositiva - Aula E,,,Normal,Falso,Normal,2
Ingeniería de Redes - Teoría-a,27/02/2023,12:00:00,27/02/2023,13:00:00,FALSO,FALSO,27/02/2023,11:00:00,Universidad de Oviedo,,,,,,Clase Expositiva - Aula E,,,Normal,Falso,Normal,2
Ingeniería de Redes - Teoría-a,02/02/2023,11:00:00,02/02/2023,12:00:00,FALSO,FALSO,02/02/2023,10:00:00,Universidad de Oviedo,,,,,,Clase Expositiva - Aula E,,,Normal,Falso,Normal,2
Ingeniería de Redes - Teoría-a,10/04/2023,12:00:00,10/04/2023,13:00:00,FALSO,FALSO,10/04/2023,11:00:00,Universidad de Oviedo,,,,,,Clase Expositiva - Aula E,,,Normal,Falso,Normal,2
Ingeniería de Redes - Teoría-a,16/02/2023,11:00:00,16/02/2023,12:00:00,FALSO,FALSO,16/02/2023,10:00:00,Universidad de Oviedo,,,,,,Clase Expositiva - Aula E,,,Normal,Falso,Normal,2
Ingeniería de Redes - Teoría-a,27/03/2023,12:00:00,27/03/2023,13:00:00,FALSO,FALSO,27/03/2023,11:00:00,Universidad de Oviedo,,,,,,Clase Expositiva - Aula E,,,Normal,Falso,Normal,2
Ingeniería de Redes - Teoría-a,20/03/2023,12:00:00,20/03/2023,13:00:00,FALSO,FALSO,20/03/2023,11:00:00,Universidad de Oviedo,,,,,,Clase Expositiva - Aula E,,,Normal,Falso,Normal,2
Ingeniería de Redes - Teoría-a,02/03/2023,11:00:00,02/03/2023,12:00:00,FALSO,FALSO,02/03/2023,10:00:00,Universidad de Oviedo,,,,,,Clase Expositiva - Aula E,,,Normal,Falso,Normal,2
Ingeniería de Redes - Teoría-a,26/01/2023,11:00:00,26/01/2023,12:00:00,FALSO,FALSO,26/01/2023,10:00:00,Universidad de Oviedo,,,,,,Clase Expositiva - Aula E,,,Normal,Falso,Normal,2
Sistemas de Información - Prácticas De Aulas-inglés,21/03/2023,13:00:00,21/03/2023,14:00:00,FALSO,FALSO,21/03/2023,12:00:00,Universidad de Oviedo,,,,,,Prácticas De Aula - Aula Do-3,,,Normal,Falso,Normal,2
Sistemas de Información - Prácticas De Aulas-inglés,02/05/2023,13:00:00,02/05/2023,14:00:00,FALSO,FALSO,02/05/2023,12:00:00,Universidad de Oviedo,,,,,,Prácticas De Aula - Aula Do-3,,,Normal,Falso,Normal,2
Sistemas de Información - Prácticas De Aulas-inglés,14/03/2023,13:00:00,14/03/2023,14:00:00,FALSO,FALSO,14/03/2023,12:00:00,Universidad de Oviedo,,,,,,Prácticas De Aula - Aula Do-3,,,Normal,Falso,Normal,2
Sistemas de Información - Prácticas De Aulas-inglés,18/04/2023,13:00:00,18/04/2023,14:00:00,FALSO,FALSO,18/04/2023,12:00:00,Universidad de Oviedo,,,,,,Prácticas De Aula - Aula Do-3,,,Normal,Falso,Normal,2
Sistemas de Información - Prácticas De Aulas-inglés,28/03/2023,13:00:00,28/03/2023,14:00:00,FALSO,FALSO,28/03/2023,12:00:00,Universidad de Oviedo,,,,,,Prácticas De Aula - Aula Do-3,,,Normal,Falso,Normal,2
Sistemas de Información - Prácticas De Aulas-inglés,11/04/2023,13:00:00,11/04/2023,14:00:00,FALSO,FALSO,11/04/2023,12:00:00,Universidad de Oviedo,,,,,,Prácticas De Aula - Aula Do-3,,,Normal,Falso,Normal,2
Sistemas de Información - Prácticas De Aulas-inglés,25/04/2023,13:00:00,25/04/2023,14:00:00,FALSO,FALSO,25/04/2023,12:00:00,Universidad de Oviedo,,,,,,Prácticas De Aula - Aula Do-3,,,Normal,Falso,Normal,2
Sistemas Distribuidos - Prácticas De Aula-inglés,18/04/2023,14:00:00,18/04/2023,15:00:00,FALSO,FALSO,18/04/2023,13:00:00,Universidad de Oviedo,,,,,,Darío González Lema Prácticas De Aula - Aula Do-3,,,Normal,Falso,Normal,2
Sistemas Distribuidos - Prácticas De Aula-inglés,02/05/2023,14:00:00,02/05/2023,15:00:00,FALSO,FALSO,02/05/2023,13:00:00,Universidad de Oviedo,,,,,,Darío González Lema Prácticas De Aula - Aula Do-3,,,Normal,Falso,Normal,2
Sistemas Distribuidos - Prácticas De Aula-inglés,11/04/2023,14:00:00,11/04/2023,15:00:00,FALSO,FALSO,11/04/2023,13:00:00,Universidad de Oviedo,,,,,,Darío González Lema Prácticas De Aula - Aula Do-3,,,Normal,Falso,Normal,2
Sistemas Distribuidos - Prácticas De Aula-inglés,14/03/2023,14:00:00,14/03/2023,15:00:00,FALSO,FALSO,14/03/2023,13:00:00,Universidad de Oviedo,,,,,,Darío González Lema Prácticas De Aula - Aula Do-3,,,Normal,Falso,Normal,2
Sistemas Distribuidos - Prácticas De Aula-inglés,21/03/2023,14:00:00,21/03/2023,15:00:00,FALSO,FALSO,21/03/2023,13:00:00,Universidad de Oviedo,,,,,,Darío González Lema Prácticas De Aula - Aula Do-3,,,Normal,Falso,Normal,2
Sistemas Distribuidos - Prácticas De Aula-inglés,25/04/2023,14:00:00,25/04/2023,15:00:00,FALSO,FALSO,25/04/2023,13:00:00,Universidad de Oviedo,,,,,,Darío González Lema Prácticas De Aula - Aula Do-3,,,Normal,Falso,Normal,2
Sistemas Distribuidos - Prácticas De Aula-inglés,28/03/2023,14:00:00,28/03/2023,15:00:00,FALSO,FALSO,28/03/2023,13:00:00,Universidad de Oviedo,,,,,,Darío González Lema Prácticas De Aula - Aula Do-3,,,Normal,Falso,Normal,2
Sistemas Distribuidos - Prácticas De Laboratorio-inglés,08/02/2023,13:00:00,08/02/2023,15:00:00,FALSO,FALSO,08/02/2023,12:00:00,Universidad de Oviedo,,,,,,Darío González Lema Prácticas De Laboratorio - Aula De Informática B3,,,Normal,Falso,Normal,2
Sistemas Distribuidos - Prácticas De Laboratorio-inglés,22/02/2023,13:00:00,22/02/2023,15:00:00,FALSO,FALSO,22/02/2023,12:00:00,Universidad de Oviedo,,,,,,Darío González Lema Prácticas De Laboratorio - Aula De Informática B3,,,Normal,Falso,Normal,2
Sistemas Distribuidos - Prácticas De Laboratorio-inglés,26/04/2023,13:00:00,26/04/2023,15:00:00,FALSO,FALSO,26/04/2023,12:00:00,Universidad de Oviedo,,,,,,Darío González Lema Prácticas De Laboratorio - Aula De Informática B3,,,Normal,Falso,Normal,2
Sistemas Distribuidos - Prácticas De Laboratorio-inglés,22/03/2023,13:00:00,22/03/2023,15:00:00,FALSO,FALSO,22/03/2023,12:00:00,Universidad de Oviedo,,,,,,Darío González Lema Prácticas De Laboratorio - Aula De Informática B3,,,Normal,Falso,Normal,2
Sistemas Distribuidos - Prácticas De Laboratorio-inglés,15/03/2023,13:00:00,15/03/2023,15:00:00,FALSO,FALSO,15/03/2023,12:00:00,Universidad de Oviedo,,,,,,Darío González Lema Prácticas De Laboratorio - Aula De Informática B3,,,Normal,Falso,Normal,2
Sistemas Distribuidos - Prácticas De Laboratorio-inglés,19/04/2023,13:00:00,19/04/2023,15:00:00,FALSO,FALSO,19/04/2023,12:00:00,Universidad de Oviedo,,,,,,Darío González Lema Prácticas De Laboratorio - Aula De Informática B3,,,Normal,Falso,Normal,2
Sistemas Distribuidos - Prácticas De Laboratorio-inglés,01/02/2023,13:00:00,01/02/2023,15:00:00,FALSO,FALSO,01/02/2023,12:00:00,Universidad de Oviedo,,,,,,Darío González Lema Prácticas De Laboratorio - Aula De Informática B3,,,Normal,Falso,Normal,2
Sistemas Distribuidos - Prácticas De Laboratorio-inglés,12/04/2023,13:00:00,12/04/2023,15:00:00,FALSO,FALSO,12/04/2023,12:00:00,Universidad de Oviedo,,,,,,Darío González Lema Prácticas De Laboratorio - Aula De Informática B3,,,Normal,Falso,Normal,2
Sistemas Distribuidos - Prácticas De Laboratorio-inglés,15/02/2023,13:00:00,15/02/2023,15:00:00,FALSO,FALSO,15/02/2023,12:00:00,Universidad de Oviedo,,,,,,Darío González Lema Prácticas De Laboratorio - Aula De Informática B3,,,Normal,Falso,Normal,2
Sistemas Distribuidos - Prácticas De Laboratorio-inglés,01/03/2023,13:00:00,01/03/2023,15:00:00,FALSO,FALSO,01/03/2023,12:00:00,Universidad de Oviedo,,,,,,Darío González Lema Prácticas De Laboratorio - Aula De Informática B3,,,Normal,Falso,Normal,2
Sistemas Distribuidos - Prácticas De Laboratorio-inglés,25/01/2023,13:00:00,25/01/2023,15:00:00,FALSO,FALSO,25/01/2023,12:00:00,Universidad de Oviedo,,,,,,Darío González Lema Prácticas De Laboratorio - Aula De Informática B3,,,Normal,Falso,Normal,2
Sistemas Distribuidos - Prácticas De Laboratorio-inglés,08/03/2023,13:00:00,08/03/2023,15:00:00,FALSO,FALSO,08/03/2023,12:00:00,Universidad de Oviedo,,,,,,Darío González Lema Prácticas De Laboratorio - Aula De Informática B3,,,Normal,Falso,Normal,2
Sistemas Distribuidos - Prácticas De Laboratorio-inglés,03/05/2023,13:00:00,03/05/2023,15:00:00,FALSO,FALSO,03/05/2023,12:00:00,Universidad de Oviedo,,,,,,Darío González Lema Prácticas De Laboratorio - Aula De Informática B3,,,Normal,Falso,Normal,2
Sistemas Distribuidos - Prácticas De Laboratorio-inglés,29/03/2023,13:00:00,29/03/2023,15:00:00,FALSO,FALSO,29/03/2023,12:00:00,Universidad de Oviedo,,,,,,Darío González Lema Prácticas De Laboratorio - Aula De Informática B3,,,Normal,Falso,Normal,2
Sistemas Distribuidos - Tutorias Grupales-inglés,21/04/2023,12:00:00,21/04/2023,13:00:00,FALSO,FALSO,21/04/2023,11:00:00,Universidad de Oviedo,,,,,,Darío González Lema Tutoría Grupal - Aula De Informática B3,,,Normal,Falso,Normal,2
Sistemas Distribuidos - Tutorias Grupales-inglés,10/02/2023,12:00:00,10/02/2023,13:00:00,FALSO,FALSO,10/02/2023,11:00:00,Universidad de Oviedo,,,,,,Darío González Lema Tutoría Grupal - Aula De Informática B3,,,Normal,Falso,Normal,2
Aprendizaje Automático II - Clases Expositivas-1,31/01/2023,16:00:00,31/01/2023,17:00:00,FALSO,FALSO,31/01/2023,15:00:00,Universidad de Oviedo,,,,,,Clase Expositiva - Aula A,,,Normal,Falso,Normal,2
Aprendizaje Automático II - Clases Expositivas-1,28/03/2023,16:00:00,28/03/2023,17:00:00,FALSO,FALSO,28/03/2023,15:00:00,Universidad de Oviedo,,,,,,Clase Expositiva - Aula A,,,Normal,Falso,Normal,2
Aprendizaje Automático II - Clases Expositivas-1,28/02/2023,16:00:00,28/02/2023,17:00:00,FALSO,FALSO,28/02/2023,15:00:00,Universidad de Oviedo,,,,,,Clase Expositiva - Aula A,,,Normal,Falso,Normal,2
Aprendizaje Automático II - Clases Expositivas-1,11/04/2023,16:00:00,11/04/2023,17:00:00,FALSO,FALSO,11/04/2023,15:00:00,Universidad de Oviedo,,,,,,Clase Expositiva - Aula A,,,Normal,Falso,Normal,2
Aprendizaje Automático II - Clases Expositivas-1,07/02/2023,16:00:00,07/02/2023,17:00:00,FALSO,FALSO,07/02/2023,15:00:00,Universidad de Oviedo,,,,,,Clase Expositiva - Aula A,,,Normal,Falso,Normal,2
Aprendizaje Automático II - Clases Expositivas-1,14/03/2023,16:00:00,14/03/2023,17:00:00,FALSO,FALSO,14/03/2023,15:00:00,Universidad de Oviedo,,,,,,Clase Expositiva - Aula A,,,Normal,Falso,Normal,2
Aprendizaje Automático II - Clases Expositivas-1,21/03/2023,16:00:00,21/03/2023,17:00:00,FALSO,FALSO,21/03/2023,15:00:00,Universidad de Oviedo,,,,,,Clase Expositiva - Aula A,,,Normal,Falso,Normal,2
Aprendizaje Automático II - Clases Expositivas-1,25/04/2023,16:00:00,25/04/2023,17:00:00,FALSO,FALSO,25/04/2023,15:00:00,Universidad de Oviedo,,,,,,Clase Expositiva - Aula A,,,Normal,Falso,Normal,2
Aprendizaje Automático II - Clases Expositivas-1,18/04/2023,16:00:00,18/04/2023,17:00:00,FALSO,FALSO,18/04/2023,15:00:00,Universidad de Oviedo,,,,,,Clase Expositiva - Aula A,,,Normal,Falso,Normal,2
Aprendizaje Automático II - Clases Expositivas-1,02/05/2023,16:00:00,02/05/2023,17:00:00,FALSO,FALSO,02/05/2023,15:00:00,Universidad de Oviedo,,,,,,Clase Expositiva - Aula A,,,Normal,Falso,Normal,2
Aprendizaje Automático II - Clases Expositivas-1,14/02/2023,16:00:00,14/02/2023,17:00:00,FALSO,FALSO,14/02/2023,15:00:00,Universidad de Oviedo,,,,,,Clase Expositiva - Aula A,,,Normal,Falso,Normal,2
Aprendizaje Automático II - Clases Expositivas-1,07/03/2023,16:00:00,07/03/2023,17:00:00,FALSO,FALSO,07/03/2023,15:00:00,Universidad de Oviedo,,,,,,Clase Expositiva - Aula A,,,Normal,Falso,Normal,2
Aprendizaje Automático II - Prácticas De Laboratorio-2,19/04/2023,15:00:00,19/04/2023,16:00:00,FALSO,FALSO,19/04/2023,14:00:00,Universidad de Oviedo,,,,,,Prácticas De Laboratorio - Aula De Informática B3,,,Normal,Falso,Normal,2
Aprendizaje Automático II - Prácticas De Laboratorio-2,12/04/2023,15:00:00,12/04/2023,16:00:00,FALSO,FALSO,12/04/2023,14:00:00,Universidad de Oviedo,,,,,,Prácticas De Laboratorio - Aula De Informática B3,,,Normal,Falso,Normal,2
Aprendizaje Automático II - Prácticas De Laboratorio-2,01/03/2023,15:00:00,01/03/2023,16:00:00,FALSO,FALSO,01/03/2023,14:00:00,Universidad de Oviedo,,,,,,Prácticas De Laboratorio - Aula De Informática B3,,,Normal,Falso,Normal,2
Aprendizaje Automático II - Prácticas De Laboratorio-2,08/03/2023,15:00:00,08/03/2023,16:00:00,FALSO,FALSO,08/03/2023,14:00:00,Universidad de Oviedo,,,,,,Prácticas De Laboratorio - Aula De Informática B3,,,Normal,Falso,Normal,2
Aprendizaje Automático II - Prácticas De Laboratorio-2,29/03/2023,15:00:00,29/03/2023,16:00:00,FALSO,FALSO,29/03/2023,14:00:00,Universidad de Oviedo,,,,,,Prácticas De Laboratorio - Aula De Informática B3,,,Normal,Falso,Normal,2
Aprendizaje Automático II - Prácticas De Laboratorio-2,22/03/2023,15:00:00,22/03/2023,16:00:00,FALSO,FALSO,22/03/2023,14:00:00,Universidad de Oviedo,,,,,,Prácticas De Laboratorio - Aula De Informática B3,,,Normal,Falso,Normal,2
Aprendizaje Automático II - Prácticas De Laboratorio-2,26/04/2023,15:00:00,26/04/2023,16:00:00,FALSO,FALSO,26/04/2023,14:00:00,Universidad de Oviedo,,,,,,Prácticas De Laboratorio - Aula De Informática B3,,,Normal,Falso,Normal,2
Aprendizaje Automático II - Prácticas De Laboratorio-2,15/03/2023,15:00:00,15/03/2023,16:00:00,FALSO,FALSO,15/03/2023,14:00:00,Universidad de Oviedo,,,,,,Prácticas De Laboratorio - Aula De Informática B3,,,Normal,Falso,Normal,2
Aprendizaje Automático II - Prácticas De Laboratorio-2,03/05/2023,15:00:00,03/05/2023,16:00:00,FALSO,FALSO,03/05/2023,14:00:00,Universidad de Oviedo,,,,,,Prácticas De Laboratorio - Aula De Informática B3,,,Normal,Falso,Normal,2
Aprendizaje Automático II - Prácticas De Laboratorio-2,25/01/2023,15:00:00,25/01/2023,16:00:00,FALSO,FALSO,25/01/2023,14:00:00,Universidad de Oviedo,,,,,,Prácticas De Laboratorio - Aula De Informática B3,,,Normal,Falso,Normal,2
Aprendizaje Automático II - Prácticas De Laboratorio-2,08/02/2023,15:00:00,08/02/2023,16:00:00,FALSO,FALSO,08/02/2023,14:00:00,Universidad de Oviedo,,,,,,Prácticas De Laboratorio - Aula De Informática B3,,,Normal,Falso,Normal,2
Aprendizaje Automático II - Prácticas De Laboratorio-2,22/02/2023,15:00:00,22/02/2023,16:00:00,FALSO,FALSO,22/02/2023,14:00:00,Universidad de Oviedo,,,,,,Prácticas De Laboratorio - Aula De Informática B3,,,Normal,Falso,Normal,2
Aprendizaje Automático II - Prácticas De Laboratorio-2,15/02/2023,15:00:00,15/02/2023,16:00:00,FALSO,FALSO,15/02/2023,14:00:00,Universidad de Oviedo,,,,,,Prácticas De Laboratorio - Aula De Informática B3,,,Normal,Falso,Normal,2
Aprendizaje Automático II - Prácticas De Laboratorio-2,01/02/2023,15:00:00,01/02/2023,16:00:00,FALSO,FALSO,01/02/2023,14:00:00,Universidad de Oviedo,,,,,,Prácticas De Laboratorio - Aula De Informática B3,,,Normal,Falso,Normal,2
Configuración y Evaluación de Sistemas - Teoría-a,08/11/2022,14:00:00,08/11/2022,15:00:00,FALSO,FALSO,08/11/2022,13:00:00,Universidad de Oviedo,,,,,,Clase Expositiva - Aula As-1,,,Normal,Falso,Normal,2
Ingeniería de Redes - Teoría-a,03/02/2023,14:00:00,03/02/2023,15:00:00,FALSO,FALSO,03/02/2023,13:00:00,Universidad de Oviedo,,,,,,Clase Expositiva - Aula E,,,Normal,Falso,Normal,2
Ingeniería de Redes - Teoría-a,10/02/2023,14:00:00,10/02/2023,15:00:00,FALSO,FALSO,10/02/2023,13:00:00,Universidad de Oviedo,,,,,,Clase Expositiva - Aula E,,,Normal,Falso,Normal,2
Sistemas Distribuidos - Teoría-inglés,13/02/2023,09:00:00,13/02/2023,10:00:00,FALSO,FALSO,13/02/2023,8:00:00,Universidad de Oviedo,,,,,,Darío González Lema Clase Expositiva - Aula Do-3,,,Normal,Falso,Normal,2
Sistemas Distribuidos - Teoría-inglés,06/03/2023,09:00:00,06/03/2023,10:00:00,FALSO,FALSO,06/03/2023,8:00:00,Universidad de Oviedo,,,,,,Darío González Lema Clase Expositiva - Aula Do-3,,,Normal,Falso,Normal,2
Sistemas Distribuidos - Teoría-inglés,02/03/2023,12:00:00,02/03/2023,13:00:00,FALSO,FALSO,02/03/2023,11:00:00,Universidad de Oviedo,,,,,,Darío González Lema Clase Expositiva - Aula Do-3,,,Normal,Falso,Normal,2
Sistemas Distribuidos - Teoría-inglés,23/02/2023,12:00:00,23/02/2023,13:00:00,FALSO,FALSO,23/02/2023,11:00:00,Universidad de Oviedo,,,,,,Darío González Lema Clase Expositiva - Aula Do-3,,,Normal,Falso,Normal,2
Sistemas Distribuidos - Teoría-inglés,16/02/2023,12:00:00,16/02/2023,13:00:00,FALSO,FALSO,16/02/2023,11:00:00,Universidad de Oviedo,,,,,,Darío González Lema Clase Expositiva - Aula Do-3,,,Normal,Falso,Normal,2
Sistemas Distribuidos - Teoría-inglés,02/02/2023,12:00:00,02/02/2023,13:00:00,FALSO,FALSO,02/02/2023,11:00:00,Universidad de Oviedo,,,,,,Darío González Lema Clase Expositiva - Aula Do-3,,,Normal,Falso,Normal,2
Sistemas Distribuidos - Teoría-inglés,30/01/2023,09:00:00,30/01/2023,10:00:00,FALSO,FALSO,30/01/2023,8:00:00,Universidad de Oviedo,,,,,,Darío González Lema Clase Expositiva - Aula Do-3,,,Normal,Falso,Normal,2
Sistemas Distribuidos - Teoría-inglés,16/03/2023,12:00:00,16/03/2023,13:00:00,FALSO,FALSO,16/03/2023,11:00:00,Universidad de Oviedo,,,,,,Darío González Lema Clase Expositiva - Aula Do-3,,,Normal,Falso,Normal,2
Sistemas Distribuidos - Teoría-inglés,27/02/2023,09:00:00,27/02/2023,10:00:00,FALSO,FALSO,27/02/2023,8:00:00,Universidad de Oviedo,,,,,,Darío González Lema Clase Expositiva - Aula Do-3,,,Normal,Falso,Normal,2
Sistemas Distribuidos - Teoría-inglés,20/03/2023,09:00:00,20/03/2023,10:00:00,FALSO,FALSO,20/03/2023,8:00:00,Universidad de Oviedo,,,,,,Darío González Lema Clase Expositiva - Aula Do-3,,,Normal,Falso,Normal,2
Sistemas Distribuidos - Teoría-inglés,20/02/2023,09:00:00,20/02/2023,10:00:00,FALSO,FALSO,20/02/2023,8:00:00,Universidad de Oviedo,,,,,,Darío González Lema Clase Expositiva - Aula Do-3,,,Normal,Falso,Normal,2
Sistemas Distribuidos - Teoría-inglés,17/04/2023,09:00:00,17/04/2023,10:00:00,FALSO,FALSO,17/04/2023,8:00:00,Universidad de Oviedo,,,,,,Darío González Lema Clase Expositiva - Aula Do-3,,,Normal,Falso,Normal,2
Sistemas Distribuidos - Teoría-inglés,27/03/2023,09:00:00,27/03/2023,10:00:00,FALSO,FALSO,27/03/2023,8:00:00,Universidad de Oviedo,,,,,,Darío González Lema Clase Expositiva - Aula Do-3,,,Normal,Falso,Normal,2
Sistemas Distribuidos - Teoría-inglés,30/03/2023,12:00:00,30/03/2023,13:00:00,FALSO,FALSO,30/03/2023,11:00:00,Universidad de Oviedo,,,,,,Darío González Lema Clase Expositiva - Aula Do-3,,,Normal,Falso,Normal,2
Sistemas Distribuidos - Teoría-inglés,09/03/2023,12:00:00,09/03/2023,13:00:00,FALSO,FALSO,09/03/2023,11:00:00,Universidad de Oviedo,,,,,,Darío González Lema Clase Expositiva - Aula Do-3,,,Normal,Falso,Normal,2
Sistemas Distribuidos - Teoría-inglés,13/03/2023,09:00:00,13/03/2023,10:00:00,FALSO,FALSO,13/03/2023,8:00:00,Universidad de Oviedo,,,,,,Darío González Lema Clase Expositiva - Aula Do-3,,,Normal,Falso,Normal,2
Sistemas Distribuidos - Teoría-inglés,06/02/2023,09:00:00,06/02/2023,10:00:00,FALSO,FALSO,06/02/2023,8:00:00,Universidad de Oviedo,,,,,,Darío González Lema Clase Expositiva - Aula Do-3,,,Normal,Falso,Normal,2
Sistemas Distribuidos - Teoría-inglés,10/04/2023,09:00:00,10/04/2023,10:00:00,FALSO,FALSO,10/04/2023,8:00:00,Universidad de Oviedo,,,,,,Darío González Lema Clase Expositiva - Aula Do-3,,,Normal,Falso,Normal,2
Sistemas Distribuidos - Teoría-inglés,23/03/2023,12:00:00,23/03/2023,13:00:00,FALSO,FALSO,23/03/2023,11:00:00,Universidad de Oviedo,,,,,,Darío González Lema Clase Expositiva - Aula Do-3,,,Normal,Falso,Normal,2
Sistemas Distribuidos - Teoría-inglés,09/02/2023,12:00:00,09/02/2023,13:00:00,FALSO,FALSO,09/02/2023,11:00:00,Universidad de Oviedo,,,,,,Darío González Lema Clase Expositiva - Aula Do-3,,,Normal,Falso,Normal,2
Sistemas Distribuidos - Teoría-inglés,24/04/2023,09:00:00,24/04/2023,10:00:00,FALSO,FALSO,24/04/2023,8:00:00,Universidad de Oviedo,,,,,,Darío González Lema Clase Expositiva - Aula Do-3,,,Normal,Falso,Normal,2
Sistemas de Información - Teoría-inglés,06/03/2023,11:00:00,06/03/2023,12:00:00,FALSO,FALSO,06/03/2023,10:00:00,Universidad de Oviedo,,,,,,Clase Expositiva - Aula Do-3,,,Normal,Falso,Normal,2
Sistemas de Información - Teoría-inglés,13/03/2023,11:00:00,13/03/2023,12:00:00,FALSO,FALSO,13/03/2023,10:00:00,Universidad de Oviedo,,,,,,Clase Expositiva - Aula Do-3,,,Normal,Falso,Normal,2
Sistemas de Información - Teoría-inglés,30/01/2023,11:00:00,30/01/2023,12:00:00,FALSO,FALSO,30/01/2023,10:00:00,Universidad de Oviedo,,,,,,Clase Expositiva - Aula Do-3,,,Normal,Falso,Normal,2
Sistemas de Información - Teoría-inglés,28/02/2023,13:00:00,28/02/2023,14:00:00,FALSO,FALSO,28/02/2023,12:00:00,Universidad de Oviedo,,,,,,Clase Expositiva - Aula Do-3,,,Normal,Falso,Normal,2
Sistemas de Información - Teoría-inglés,10/04/2023,11:00:00,10/04/2023,12:00:00,FALSO,FALSO,10/04/2023,10:00:00,Universidad de Oviedo,,,,,,Clase Expositiva - Aula Do-3,,,Normal,Falso,Normal,2
Sistemas de Información - Teoría-inglés,14/02/2023,13:00:00,14/02/2023,14:00:00,FALSO,FALSO,14/02/2023,12:00:00,Universidad de Oviedo,,,,,,Clase Expositiva - Aula Do-3,,,Normal,Falso,Normal,2
Sistemas de Información - Teoría-inglés,03/02/2023,09:00:00,03/02/2023,12:00:00,FALSO,FALSO,03/02/2023,8:00:00,Universidad de Oviedo,,,,,,Clase Expositiva - Aula Do-3,,,Normal,Falso,Normal,2
Sistemas de Información - Teoría-inglés,24/04/2023,11:00:00,24/04/2023,12:00:00,FALSO,FALSO,24/04/2023,10:00:00,Universidad de Oviedo,,,,,,Clase Expositiva - Aula Do-3,,,Normal,Falso,Normal,2
Sistemas de Información - Teoría-inglés,06/02/2023,11:00:00,06/02/2023,12:00:00,FALSO,FALSO,06/02/2023,10:00:00,Universidad de Oviedo,,,,,,Clase Expositiva - Aula Do-3,,,Normal,Falso,Normal,2
Sistemas de Información - Teoría-inglés,10/02/2023,10:00:00,10/02/2023,12:00:00,FALSO,FALSO,10/02/2023,9:00:00,Universidad de Oviedo,,,,,,Clase Expositiva - Aula Do-3,,,Normal,Falso,Normal,2
Sistemas de Información - Teoría-inglés,31/01/2023,13:00:00,31/01/2023,14:00:00,FALSO,FALSO,31/01/2023,12:00:00,Universidad de Oviedo,,,,,,Clase Expositiva - Aula Do-3,,,Normal,Falso,Normal,2
Sistemas de Información - Teoría-inglés,07/02/2023,13:00:00,07/02/2023,14:00:00,FALSO,FALSO,07/02/2023,12:00:00,Universidad de Oviedo,,,,,,Clase Expositiva - Aula Do-3,,,Normal,Falso,Normal,2
Sistemas de Información - Teoría-inglés,27/03/2023,11:00:00,27/03/2023,12:00:00,FALSO,FALSO,27/03/2023,10:00:00,Universidad de Oviedo,,,,,,Clase Expositiva - Aula Do-3,,,Normal,Falso,Normal,2
Sistemas de Información - Teoría-inglés,20/03/2023,11:00:00,20/03/2023,12:00:00,FALSO,FALSO,20/03/2023,10:00:00,Universidad de Oviedo,,,,,,Clase Expositiva - Aula Do-3,,,Normal,Falso,Normal,2
Sistemas de Información - Teoría-inglés,17/04/2023,11:00:00,17/04/2023,12:00:00,FALSO,FALSO,17/04/2023,10:00:00,Universidad de Oviedo,,,,,,Clase Expositiva - Aula Do-3,,,Normal,Falso,Normal,2
Sistemas de Información - Teoría-inglés,20/02/2023,11:00:00,20/02/2023,12:00:00,FALSO,FALSO,20/02/2023,10:00:00,Universidad de Oviedo,,,,,,Clase Expositiva - Aula Do-3,,,Normal,Falso,Normal,2
Sistemas de Información - Teoría-inglés,13/02/2023,11:00:00,13/02/2023,12:00:00,FALSO,FALSO,13/02/2023,10:00:00,Universidad de Oviedo,,,,,,Clase Expositiva - Aula Do-3,,,Normal,Falso,Normal,2
Ingeniería de Redes - Prácticas De Aula-02,04/05/2023,11:00:00,04/05/2023,12:00:00,FALSO,FALSO,04/05/2023,10:00:00,Universidad de Oviedo,,,,,,Prácticas De Aula - Aula E,,,Normal,Falso,Normal,2
Ingeniería de Redes - Prácticas De Aula-02,20/04/2023,11:00:00,20/04/2023,12:00:00,FALSO,FALSO,20/04/2023,10:00:00,Universidad de Oviedo,,,,,,Prácticas De Aula - Aula E,,,Normal,Falso,Normal,2
Ingeniería de Redes - Prácticas De Aula-02,13/04/2023,11:00:00,13/04/2023,12:00:00,FALSO,FALSO,13/04/2023,10:00:00,Universidad de Oviedo,,,,,,Prácticas De Aula - Aula E,,,Normal,Falso,Normal,2
Ingeniería de Redes - Prácticas De Aula-02,27/04/2023,11:00:00,27/04/2023,12:00:00,FALSO,FALSO,27/04/2023,10:00:00,Universidad de Oviedo,,,,,,Prácticas De Aula - Aula E,,,Normal,Falso,Normal,2
Ingeniería de Redes - Prácticas De Aula-02,16/03/2023,11:00:00,16/03/2023,12:00:00,FALSO,FALSO,16/03/2023,10:00:00,Universidad de Oviedo,,,,,,Prácticas De Aula - Aula E,,,Normal,Falso,Normal,2
Ingeniería de Redes - Prácticas De Aula-02,23/03/2023,11:00:00,23/03/2023,12:00:00,FALSO,FALSO,23/03/2023,10:00:00,Universidad de Oviedo,,,,,,Prácticas De Aula - Aula E,,,Normal,Falso,Normal,2
Ingeniería de Redes - Prácticas De Aula-02,30/03/2023,11:00:00,30/03/2023,12:00:00,FALSO,FALSO,30/03/2023,10:00:00,Universidad de Oviedo,,,,,,Prácticas De Aula - Aula E,,,Normal,Falso,Normal,2
Sistemas de Información - Teoría-inglés,09/03/2023,17:00:00,09/03/2023,18:00:00,FALSO,FALSO,09/03/2023,16:00:00,Universidad de Oviedo,,,,,,Clase Expositiva - Aula Do-3,,,Normal,Falso,Normal,2
Sistemas de Información - Prácticas De Laboratorio-inglés,14/03/2023,10:00:00,14/03/2023,13:00:00,FALSO,FALSO,14/03/2023,9:00:00,Universidad de Oviedo,,,,,,Prácticas De Laboratorio - Aula B8,,,Normal,Falso,Normal,2
